Image Filename,Joint Angles
1_1723092764-673651123.png,"[-0.00291522 -0.0016752   0.0128124   0.03164051  0.05138793  0.06865787
  0.08010881  0.08244037]"
2_1723092764-706999268.png,"[-0.00343682 -0.00174579  0.01307636  0.03121088  0.05024274  0.06777194
  0.08143696  0.08891706]"
3_1723092764-740348633.png,"[-0.00350038 -0.00053583  0.01525404  0.03282547  0.05034369  0.06598943
  0.07797211  0.08452744]"
4_1723092764-773697266.png,"[-0.00350038 -0.00053583  0.01525404  0.03282547  0.05034369  0.06598943
  0.07797211  0.08452744]"
5_1723092764-807047119.png,"[-0.00353532 -0.0001648   0.01551467  0.03240477  0.04935943  0.0652413
  0.07893092  0.08932982]"
6_1723092764-840395996.png,"[-0.00420208 -0.00112095  0.01534173  0.03286859  0.05011409  0.06574529
  0.0784513   0.08694358]"
7_1723092764-873746094.png,"[-0.0034068  -0.00036393  0.01511377  0.03231569  0.04971786  0.06580772
  0.07909624  0.08812035]"
8_1723092764-907095459.png,"[-0.00333579 -0.00048212  0.01489919  0.03233845  0.05011632  0.06652586
  0.07988695  0.08854872]"
9_1723092764-940446045.png,"[-0.00350038 -0.00053583  0.01525404  0.03282547  0.05034369  0.06598943
  0.07797211  0.08452744]"
10_1723092764-973795898.png,"[-0.00350038 -0.00053583  0.01525404  0.03282547  0.05034369  0.06598943
  0.07797211  0.08452744]"
11_1723092765-7146973.png,"[-0.00291522 -0.0016752   0.0128124   0.03164051  0.05138793  0.06865787
  0.08010881  0.08244037]"
12_1723092765-40497070.png,"[-0.00399772 -0.0010382   0.01497568  0.03237547  0.04990018  0.0662985
  0.08033944  0.09081593]"
13_1723092765-73848389.png,"[-0.0034643  -0.00028296  0.01530005  0.03242747  0.0497578   0.0659594
  0.07972152  0.08975776]"
14_1723092765-107198975.png,"[-0.00342935 -0.00065396  0.01503954  0.03284833  0.0507422   0.06670769
  0.07876328  0.08495657]"
15_1723092765-140550781.png,"[-0.00409782 -0.0012185   0.01511176  0.03288191  0.05052325  0.06648095
  0.07922588  0.08725443]"
16_1723092765-173901611.png,"[-0.0034068  -0.00036393  0.01511377  0.03231569  0.04971786  0.06580772
  0.07909624  0.08812035]"
17_1723092765-207253906.png,"[-0.00420208 -0.00112095  0.01534173  0.03286859  0.05011409  0.06574529
  0.0784513   0.08694358]"
18_1723092765-240605225.png,"[-0.00354101 -0.0016481   0.01330643  0.03119753  0.04983349  0.06703641
  0.08066279  0.08860618]"
19_1723092765-273957764.png,"[-0.00335266 -0.00222876  0.01300937  0.03244347  0.05234907  0.06903296
  0.07886193  0.07823468]"
20_1723092765-307309570.png,"[-0.00282167 -0.00150336  0.01267217  0.03113093  0.05076261  0.06847658
  0.08123222  0.08603451]"
21_1723092765-340662354.png,"[-0.00350038 -0.00053583  0.01525404  0.03282547  0.05034369  0.06598943
  0.07797211  0.08452744]"
22_1723092765-374014648.png,"[-0.00346226 -0.00040568  0.01551182  0.0332044   0.05080381  0.06645811
  0.07834489  0.08466812]"
23_1723092765-407367920.png,"[-0.00420208 -0.00112095  0.01534173  0.03286859  0.05011409  0.06574529
  0.0784513   0.08694358]"
24_1723092765-440720459.png,"[-0.00418885 -0.00059776  0.01549718  0.0319612   0.04849053  0.06478337
  0.08054241  0.09547717]"
25_1723092765-474074219.png,"[-0.00333579 -0.00048212  0.01489919  0.03233845  0.05011632  0.06652586
  0.07988695  0.08854872]"
26_1723092765-507427002.png,"[-0.00333579 -0.00048212  0.01489919  0.03233845  0.05011632  0.06652586
  0.07988695  0.08854872]"
27_1723092765-540781250.png,"[-0.00285656 -0.00113226  0.0129328   0.03071016  0.04977858  0.06772926
  0.08219062  0.0908349 ]"
28_1723092765-574134521.png,"[-0.00353532 -0.0001648   0.01551467  0.03240477  0.04935943  0.0652413
  0.07893092  0.08932982]"
29_1723092765-607489014.png,"[-0.00420208 -0.00112095  0.01534173  0.03286859  0.05011409  0.06574529
  0.0784513   0.08694358]"
30_1723092765-640842773.png,"[-0.00342935 -0.00065396  0.01503954  0.03284833  0.0507422   0.06670769
  0.07876328  0.08495657]"
31_1723092765-674187500.png,"[-0.00342935 -0.00065396  0.01503954  0.03284833  0.0507422   0.06670769
  0.07876328  0.08495657]"
32_1723092765-707500977.png,"[-0.00350038 -0.00053583  0.01525404  0.03282547  0.05034369  0.06598943
  0.07797211  0.08452744]"
33_1723092765-740815186.png,"[-0.0034068  -0.00036393  0.01511377  0.03231569  0.04971786  0.06580772
  0.07909624  0.08812035]"
34_1723092765-774127930.png,"[0.00044539 0.00788727 0.02540645 0.04493099 0.06399329 0.08015907
 0.0910424  0.0942877 ]"
35_1723092765-807441650.png,"[-0.00048389  0.0095257   0.03029291  0.05043663  0.06956482  0.08729773
  0.10326999  0.11713077]"
36_1723092765-840753906.png,"[0.00602696 0.01652539 0.03545812 0.06046049 0.08498147 0.10260999
 0.10709276 0.09212055]"
37_1723092765-874066895.png,"[0.00696771 0.01833703 0.03823024 0.0652337  0.0924819  0.11327567
 0.12113301 0.10956503]"
38_1723092765-907378662.png,"[0.00746257 0.02191953 0.04605284 0.07576513 0.10379287 0.12310907
 0.12691251 0.10827403]"
39_1723092765-940691162.png,"[0.0094853  0.02808206 0.05317474 0.08200772 0.10963298 0.13127651
 0.14236238 0.13835292]"
40_1723092765-974002197.png,"[0.01426322 0.03331099 0.05628606 0.08779065 0.11949075 0.1433678
 0.15177792 0.13703683]"
41_1723092766-7314209.png,"[0.01576693 0.03930719 0.06501608 0.09683491 0.12808848 0.15239174
 0.16369345 0.15597951]"
42_1723092766-40624756.png,"[0.01615563 0.040775   0.06898078 0.1038423  0.13783111 0.16380336
 0.17504259 0.16484452]"
43_1723092766-73936035.png,"[0.02073853 0.05213116 0.07880149 0.10931208 0.14080913 0.17055613
 0.19600615 0.21481142]"
44_1723092766-107246094.png,"[0.02353687 0.05615857 0.08221867 0.11443479 0.14913762 0.18279766
 0.21215329 0.23425067]"
45_1723092766-140556641.png,"[0.02597854 0.05976293 0.08736326 0.12364839 0.16233743 0.1974877
 0.22370455 0.23604371]"
46_1723092766-173865967.png,"[0.02841948 0.07648531 0.1198382  0.16332938 0.20205392 0.23165799
 0.24824223 0.24796135]"
47_1723092766-207176025.png,"[0.02567264 0.06349079 0.09988817 0.14382674 0.18773767 0.22469555
 0.24859375 0.25375788]"
48_1723092766-240484863.png,"[0.03029333 0.08377619 0.1368979  0.18922663 0.23183729 0.25706562
 0.25776932 0.22570407]"
49_1723092766-273794434.png,"[0.03137251 0.09194475 0.14713404 0.19629572 0.23746091 0.26908722
 0.28988149 0.29855378]"
50_1723092766-307102783.png,"[0.03293896 0.09315992 0.15478297 0.21387973 0.25978371 0.28366256
 0.27708653 0.22937048]"
51_1723092766-340411621.png,"[0.03509836 0.1049473  0.16721439 0.21978374 0.26204608 0.29372324
 0.31462773 0.32445724]"
52_1723092766-373719238.png,"[0.03618774 0.10615408 0.1712254  0.22874795 0.27466033 0.3058471
 0.31957503 0.31269726]"
53_1723092766-407027588.png,"[0.03635285 0.10612891 0.17542116 0.2392924  0.29008837 0.32192838
 0.3296174  0.30682229]"
54_1723092766-440334473.png,"[0.03888784 0.11640522 0.18542491 0.24403825 0.29225814 0.33044148
 0.35904218 0.37844153]"
55_1723092766-473642334.png,"[0.04017585 0.11671794 0.18963272 0.25559134 0.30830224 0.34317904
 0.35634812 0.3431511 ]"
56_1723092766-506948730.png,"[0.0404047  0.11641774 0.19251898 0.26427959 0.32257786 0.36087478
 0.37385763 0.3551014 ]"
57_1723092766-540255859.png,"[0.04001665 0.11844205 0.20038748 0.27649408 0.33635468 0.37273724
 0.37952803 0.34846792]"
58_1723092766-573561768.png,"[0.03680859 0.09590075 0.1637955  0.24122231 0.30985928 0.35587784
 0.36860042 0.33571379]"
59_1723092766-606868408.png,"[0.03698013 0.09917779 0.17022472 0.24908503 0.3191561  0.36816625
 0.3870472  0.36593881]"
60_1723092766-640173584.png,"[0.03792196 0.10203858 0.17463018 0.25504334 0.32720879 0.37941803
 0.40338967 0.39066193]"
61_1723092766-673482178.png,"[0.03792458 0.10092774 0.17758339 0.26504488 0.34286027 0.39663881
 0.41642017 0.39104633]"
62_1723092766-706795410.png,"[0.03838499 0.10271902 0.18193724 0.27206406 0.35195158 0.40703517
 0.4274865  0.40220753]"
63_1723092766-740109375.png,"[0.03931894 0.10282915 0.18328546 0.27739078 0.36105902 0.41799556
 0.43747207 0.40697125]"
64_1723092766-773421875.png,"[0.03922794 0.10397422 0.18827936 0.28613777 0.37229188 0.43017901
 0.44917978 0.41645771]"
65_1723092766-806735352.png,"[0.04134712 0.10569576 0.19093657 0.29301228 0.38290399 0.44198798
 0.45855233 0.41758081]"
66_1723092766-840047363.png,"[0.0421929  0.1065136  0.19302798 0.29813429 0.39100012 0.4521925
 0.46993562 0.42908041]"
67_1723092766-873360107.png,"[0.04458075 0.11060021 0.19666558 0.30237981 0.39676269 0.46040325
 0.48203816 0.44795661]"
68_1723092766-906671387.png,"[0.04576724 0.11205179 0.19932263 0.30776827 0.40442868 0.46903107
 0.49008276 0.45317518]"
69_1723092766-939983643.png,"[0.04679876 0.11329683 0.20226656 0.31403883 0.41347067 0.47944215
 0.5003781  0.46135411]"
70_1723092766-973294434.png,"[0.0499775  0.1180098  0.20536586 0.3174501  0.4187319  0.48784755
 0.51370912 0.48321987]"
71_1723092767-6605957.png,"[0.04997625 0.11917958 0.20843407 0.32228134 0.42561439 0.49763133
 0.52821868 0.50638438]"
72_1723092767-39916260.png,"[0.05053216 0.12279325 0.21243118 0.32444412 0.42697398 0.50104492
 0.53781926 0.52916016]"
73_1723092767-73227051.png,"[0.05185447 0.12547864 0.21622192 0.33020162 0.43514938 0.51209002
 0.55274802 0.55028787]"
74_1723092767-106536865.png,"[0.05317084 0.12510437 0.21673863 0.33520629 0.44370092 0.52114224
 0.55858455 0.54762136]"
75_1723092767-139847168.png,"[0.05481864 0.12977517 0.22334228 0.34298513 0.45241014 0.53123851
 0.57132005 0.56556517]"
76_1723092767-173156250.png,"[0.05515468 0.1309821  0.22702055 0.34965905 0.46164246 0.54256436
 0.58487369 0.58241604]"
77_1723092767-206466064.png,"[0.03239629 0.10834961 0.22628617 0.35315101 0.46411934 0.54710793
 0.5990285  0.61879472]"
78_1723092767-239774414.png,"[0.03267525 0.10969067 0.22736044 0.35437241 0.4677331  0.55597494
 0.61649887 0.64969309]"
79_1723092767-273083740.png,"[0.03440489 0.11033792 0.23054221 0.36341221 0.48035663 0.56782703
 0.62298353 0.64546552]"
80_1723092767-306391602.png,"[0.03551916 0.11431731 0.23460672 0.36660641 0.48433671 0.5753093
 0.63719529 0.6708803 ]"
81_1723092767-339700195.png,"[0.03656119 0.11861351 0.24027535 0.37219019 0.49044256 0.58359068
 0.64977334 0.69055865]"
82_1723092767-373007324.png,"[0.03578549 0.11747502 0.24304858 0.37952439 0.50058765 0.59429811
 0.65919839 0.69711768]"
83_1723092767-406315430.png,"[0.03929725 0.12182389 0.24272521 0.37731236 0.49991019 0.59789621
 0.66924253 0.71604186]"
84_1723092767-439622070.png,"[0.03995979 0.12251989 0.24754011 0.38745744 0.51253887 0.60929201
 0.67622745 0.7156013 ]"
85_1723092767-472929443.png,"[0.04180979 0.12563016 0.2476313  0.38647699 0.51469416 0.61857214
 0.69609337 0.75003445]"
86_1723092767-506235596.png,"[0.04266544 0.12800564 0.25107289 0.39106619 0.52073247 0.62643919
 0.70626105 0.76316942]"
87_1723092767-539542480.png,"[0.04283126 0.12938551 0.25711497 0.4012891  0.53231148 0.63660281
 0.71310979 0.76530309]"
88_1723092767-572847900.png,"[0.04410296 0.13508211 0.26224286 0.40411966 0.53608314 0.64570183
 0.7313229  0.79608614]"
89_1723092767-606154297.png,"[0.04447439 0.13736116 0.26876153 0.41389815 0.54678978 0.65533572
 0.73871033 0.80058977]"
90_1723092767-639459229.png,"[0.04630029 0.14394966 0.27691901 0.42232467 0.557062   0.66971397
 0.75908951 0.82853432]"
91_1723092767-672792725.png,"[0.04872584 0.14638666 0.28157244 0.43042277 0.56482869 0.67280396
 0.75439341 0.8138867 ]"
92_1723092767-706201660.png,"[0.05008598 0.15047161 0.29051841 0.44438479 0.58222425 0.69209179
 0.77478422 0.83522286]"
93_1723092767-739612061.png,"[0.05111292 0.15795994 0.29846661 0.44844027 0.58469374 0.69708104
 0.78563701 0.8543745 ]"
94_1723092767-773021729.png,"[0.05001007 0.1590849  0.30979963 0.46675388 0.60331264 0.71081029
 0.79164738 0.85119767]"
95_1723092767-806432861.png,"[0.05153031 0.16783351 0.31923118 0.47286731 0.60878124 0.71977768
 0.80734594 0.87590738]"
96_1723092767-839843506.png,"[0.05140602 0.16823439 0.32377236 0.48107371 0.61801689 0.72769297
 0.81257441 0.87778289]"
97_1723092767-873255615.png,"[0.05229594 0.16960379 0.32750639 0.48856441 0.62854543 0.74002816
 0.82581697 0.89144194]"
98_1723092767-906666992.png,"[0.05296221 0.17522005 0.33773955 0.49984085 0.63930924 0.75016304
 0.83573139 0.90161128]"
99_1723092767-940079834.png,"[0.05535511 0.18023359 0.33966504 0.50020094 0.64202252 0.75808341
 0.85013158 0.92284166]"
100_1723092767-973492188.png,"[0.05894684 0.18149885 0.33801841 0.50140792 0.64671604 0.7646986
 0.85707775 0.92908409]"
101_1723092768-6906006.png,"[0.05844676 0.18321368 0.34118753 0.50470256 0.6510104  0.77105472
 0.86603004 0.94075223]"
102_1723092768-40319336.png,"[0.05901079 0.18684898 0.34964878 0.51606732 0.66297318 0.78219601
 0.87582769 0.94915942]"
103_1723092768-73733887.png,"[0.06003143 0.18873702 0.35218281 0.52023071 0.66901418 0.78982651
 0.88464289 0.95883009]"
104_1723092768-107147949.png,"[0.06021956 0.1928     0.35488464 0.51969848 0.66858395 0.79271483
 0.89224802 0.9712596 ]"
105_1723092768-140563721.png,"[0.06233056 0.19887084 0.36150284 0.52743464 0.67944381 0.80755899
 0.9106968  0.99245379]"
106_1723092768-173978516.png,"[0.06317818 0.20114026 0.36441329 0.53069369 0.68291546 0.81113771
 0.91429287 0.99600265]"
107_1723092768-207395020.png,"[0.06366457 0.20505604 0.37307701 0.54315875 0.69797359 0.82747551
 0.93091154 1.0123164 ]"
108_1723092768-240810791.png,"[0.06369688 0.20916565 0.37753473 0.54587011 0.70103711 0.8328176
 0.93899141 1.02271836]"
109_1723092768-274228027.png,"[0.06842709 0.21407212 0.37988929 0.55046944 0.7086691  0.84214616
 0.94860755 1.03181403]"
110_1723092768-307644775.png,"[0.06875567 0.21483372 0.38479171 0.55893202 0.71736658 0.8486885
 0.95235295 1.03306492]"
111_1723092768-341062988.png,"[0.07151165 0.22217424 0.39446407 0.57044777 0.73024299 0.86219759
 0.96586392 1.04619768]"
112_1723092768-374480713.png,"[0.07296048 0.22898936 0.40458664 0.58149339 0.74163246 0.87374491
 0.97737246 1.05749339]"
113_1723092768-407899658.png,"[0.07762385 0.24248641 0.41681793 0.59176581 0.75353106 0.88898956
 0.99549326 1.07737258]"
114_1723092768-441318115.png,"[0.08282087 0.25602073 0.43568824 0.61279645 0.77311527 0.90529268
 1.00841341 1.08751143]"
115_1723092768-474738037.png,"[0.08797633 0.26524668 0.44420811 0.62248411 0.78422177 0.91693884
 1.01976898 1.09815579]"
116_1723092768-508157471.png,"[0.08859652 0.26695212 0.44955006 0.63118307 0.79384808 0.92562137
 1.02689101 1.10378874]"
117_1723092768-541578125.png,"[0.09382343 0.28065966 0.4606029  0.63930562 0.80250948 0.93635353
 1.03935593 1.11719956]"
118_1723092768-574998291.png,"[0.09368158 0.28627246 0.47164531 0.65185216 0.81477482 0.94760685
 1.04944092 1.12620684]"
119_1723092768-608420166.png,"[0.09696044 0.29627973 0.48062794 0.66013931 0.82494646 0.95996807
 1.06298495 1.14000069]"
120_1723092768-641841064.png,"[0.09888801 0.30304468 0.48945278 0.66953625 0.83428208 0.96872485
 1.07091658 1.14709517]"
121_1723092768-675243896.png,"[0.10380028 0.31384637 0.49661055 0.67620542 0.84407278 0.98143476
 1.08491001 1.16116286]"
122_1723092768-708596191.png,"[0.10435336 0.32285689 0.50731315 0.68529951 0.85328682 0.99143332
 1.09523354 1.17131036]"
123_1723092768-741949707.png,"[0.10915522 0.33286858 0.52057336 0.70214008 0.87059936 1.00658033
 1.10761602 1.18131543]"
124_1723092768-775302246.png,"[0.11226731 0.34079357 0.51761484 0.69448661 0.86864937 1.01198529
 1.11751503 1.19317837]"
125_1723092768-808656250.png,"[0.11433719 0.35455964 0.53223711 0.70915726 0.88610012 1.0308601
 1.1358218  1.21005031]"
126_1723092768-842009521.png,"[0.11411031 0.35040576 0.53436841 0.71817144 0.89512189 1.03645553
 1.13836942 1.21065561]"
127_1723092768-875363770.png,"[0.11542803 0.35516046 0.53730867 0.72156666 0.90123293 1.04423108
 1.14639232 1.21826161]"
128_1723092768-908717529.png,"[0.11497123 0.35554729 0.53769785 0.72436962 0.90712197 1.05132909
 1.15332453 1.22456741]"
129_1723092768-942072510.png,"[0.11839602 0.35890812 0.54267418 0.73700308 0.92381116 1.06700992
 1.16644422 1.2353091 ]"
130_1723092768-975426514.png,"[0.11710794 0.36070284 0.54355881 0.73951829 0.9302721  1.07544075
 1.1750371  1.24336281]"
131_1723092769-8781982.png,"[0.11899118 0.36415917 0.5418776  0.73918935 0.93505039 1.08289632
 1.18292744 1.25082577]"
132_1723092769-42136719.png,"[0.11927853 0.36436553 0.54098224 0.73847917 0.93529475 1.08370047
 1.18388785 1.25177405]"
133_1723092769-75492432.png,"[0.11835864 0.36300781 0.5470499  0.75509562 0.95458234 1.09991955
 1.19651138 1.26165428]"
134_1723092769-108847656.png,"[0.11936108 0.3591161  0.54744657 0.76170339 0.96097164 1.10379841
 1.1984684  1.26245682]"
135_1723092769-142203857.png,"[0.12126408 0.37078255 0.55172635 0.76489378 0.9700563  1.11597857
 1.21097734 1.27426477]"
136_1723092769-175559570.png,"[0.12304363 0.36708564 0.54558059 0.76109037 0.96798814 1.11449131
 1.20968224 1.27306798]"
137_1723092769-208916260.png,"[0.12232528 0.36697677 0.5494195  0.77650686 0.98833078 1.13284366
 1.22483678 1.28555588]"
138_1723092769-242272461.png,"[0.12484796 0.36997533 0.55293692 0.78031692 0.99071627 1.13401143
 1.22535271 1.28574322]"
139_1723092769-275629639.png,"[0.12649284 0.37249086 0.55709242 0.79076594 1.00290025 1.14443939
 1.23375891 1.29258597]"
140_1723092769-308986328.png,"[0.12629053 0.37077538 0.54830376 0.78623239 1.00570244 1.1499742
 1.23963643 1.29811136]"
141_1723092769-342343994.png,"[0.12809364 0.36998327 0.54463031 0.78810336 1.01129362 1.15566621
 1.24453504 1.30223184]"
142_1723092769-375700928.png,"[0.12863739 0.37427449 0.54369367 0.79067653 1.01907052 1.16433472
 1.25250484 1.30928007]"
143_1723092769-409059326.png,"[0.13298824 0.38433391 0.5430614  0.80040865 1.03801002 1.18296079
 1.26861291 1.32302991]"
144_1723092769-442416748.png,"[0.13337091 0.3825342  0.54455499 0.80787494 1.04487995 1.18770274
 1.27191876 1.32546173]"
145_1723092769-475775635.png,"[0.13566885 0.39704789 0.53994058 0.80204021 1.05032737 1.19686629
 1.28127016 1.33414476]"
146_1723092769-509133545.png,"[0.13734022 0.40393092 0.54215601 0.81649551 1.06899658 1.21237254
 1.29360681 1.34419744]"
147_1723092769-542492676.png,"[0.13462856 0.40424725 0.53630585 0.81386509 1.07214722 1.21659259
 1.29756082 1.34770291]"
148_1723092769-575851318.png,"[0.1364246  0.40836142 0.53730957 0.83027154 1.09059983 1.2307536
 1.30837638 1.35630904]"
149_1723092769-609210938.png,"[0.13721018 0.40768728 0.53456727 0.82777503 1.08937091 1.23010281
 1.30796284 1.35600987]"
150_1723092769-642569824.png,"[0.13957876 0.41392214 0.53426353 0.83424947 1.09851583 1.23768718
 1.31401587 1.3609684 ]"
151_1723092769-675917969.png,"[0.135825   0.40773081 0.5242808  0.81335902 1.08251407 1.22721191
 1.3066401  1.35537377]"
152_1723092769-709234375.png,"[0.13824221 0.41281101 0.5298351  0.83095369 1.09815188 1.23815253
 1.31463717 1.36158551]"
153_1723092769-742551270.png,"[0.14039118 0.41456252 0.53512855 0.84713201 1.11066026 1.24631618
 1.32036819 1.36591841]"
154_1723092769-775866943.png,"[0.13846434 0.41201382 0.52462601 0.82673437 1.09706097 1.23806672
 1.31481857 1.36183609]"
155_1723092769-809183350.png,"[0.13777484 0.42138307 0.53270854 0.82972256 1.09934857 1.24015294
 1.31667605 1.3634898 ]"
156_1723092769-842498535.png,"[0.14004656 0.41975144 0.53266654 0.83221198 1.10026962 1.24021435
 1.31644151 1.36315459]"
157_1723092769-875814209.png,"[0.13876641 0.41921907 0.53337917 0.83241403 1.10014666 1.24008353
 1.31634023 1.36307739]"
158_1723092769-909128906.png,"[0.1379093  0.42859447 0.52752044 0.82842555 1.10503603 1.24623095
 1.32198142 1.36804224]"
159_1723092769-942444336.png,"[0.14081954 0.42434018 0.53731007 0.84336544 1.10995855 1.247065
 1.32152306 1.36715302]"
160_1723092769-975758301.png,"[0.13741032 0.41803053 0.52757631 0.82365226 1.09536133 1.23761719
 1.31488098 1.36210847]"
161_1723092770-9072998.png,"[0.13757357 0.42153348 0.52718876 0.82031538 1.09408052 1.23741123
 1.31504217 1.36239778]"
162_1723092770-42386719.png,"[0.13774187 0.42937832 0.52792432 0.82771301 1.10453907 1.24598316
 1.3218508  1.36796926]"
163_1723092770-75700928.png,"[0.14058686 0.42472082 0.53103468 0.8351968  1.10644467 1.24565548
 1.32089589 1.36685812]"
164_1723092770-109013916.png,"[0.1395597  0.4254082  0.53130358 0.8342138  1.10598627 1.24554089
 1.32091342 1.366928  ]"
165_1723092770-142327637.png,"[0.14043655 0.42374008 0.5327171  0.83614314 1.10584085 1.24481561
 1.32011555 1.36617037]"
166_1723092770-175640137.png,"[0.13903093 0.42875815 0.5284446  0.83064939 1.10624041 1.24680747
 1.32229146 1.36822699]"
167_1723092770-208953125.png,"[0.13981668 0.42646121 0.52893224 0.83332708 1.10709659 1.24683306
 1.322057   1.36791197]"
168_1723092770-242265137.png,"[0.1399308  0.42863512 0.52815316 0.83085306 1.10627492 1.2467418
 1.32219689 1.36812671]"
169_1723092770-275577637.png,"[0.1397302  0.4266884  0.52939579 0.83289206 1.10652388 1.24641279
 1.32174772 1.36767256]"
170_1723092770-308889160.png,"[0.13995828 0.4269164  0.52993547 0.83289645 1.10621591 1.2461252
 1.32151199 1.36747804]"
171_1723092770-342201172.png,"[0.14114693 0.4300007  0.52983607 0.83781986 1.1119464  1.25049528
 1.3248593  1.37015703]"
172_1723092770-375511963.png,"[0.14028583 0.43274394 0.52948364 0.83497772 1.11108179 1.25051079
 1.325145   1.37052334]"
173_1723092770-408823486.png,"[0.14231555 0.43014644 0.52803501 0.83806452 1.11299646 1.25136888
 1.32553461 1.37069319]"
174_1723092770-442133789.png,"[0.14129223 0.42826002 0.52898163 0.84035453 1.11396884 1.25171737
 1.32565571 1.37072114]"
175_1723092770-475444824.png,"[0.14154871 0.43045098 0.52997205 0.83876991 1.11282229 1.25110707
 1.32530664 1.3705046 ]"
176_1723092770-508754639.png,"[0.14239344 0.43249285 0.52767925 0.83578243 1.11217976 1.25123562
 1.32562705 1.3708636 ]"
177_1723092770-542065186.png,"[0.14141119 0.42856802 0.53000592 0.84009122 1.11320247 1.25107285
 1.32514791 1.37031091]"
178_1723092770-575374268.png,"[0.13807348 0.42769766 0.52940737 0.83120361 1.10593299 1.24638331
 1.32190418 1.36789031]"
179_1723092770-608684082.png,"[0.13753639 0.41195751 0.52518096 0.82660614 1.09684011 1.23793284
 1.31474207 1.36179182]"
180_1723092770-641992920.png,"[0.13796407 0.41193546 0.52642693 0.83082459 1.09999048 1.23991537
 1.31609556 1.36279401]"
181_1723092770-675305176.png,"[0.14010366 0.41217167 0.52846001 0.83373157 1.10090114 1.23999009
 1.31590685 1.36252118]"
182_1723092770-708621826.png,"[0.13807122 0.41657916 0.52431538 0.82101787 1.09406968 1.23689069
 1.31438689 1.36173059]"
183_1723092770-741939453.png,"[0.13560266 0.38867887 0.52278598 0.82124905 1.0818806  1.22318202
 1.30194882 1.35077617]"
184_1723092770-775255859.png,"[0.13646155 0.39271046 0.52210866 0.81720608 1.0798774  1.22249849
 1.3018021  1.35085656]"
185_1723092770-808572754.png,"[0.12965671 0.38064397 0.51635902 0.80107743 1.06262286 1.20913924
 1.29148733 1.34257469]"
186_1723092770-841888672.png,"[0.12368739 0.37133951 0.51816135 0.79279791 1.04828983 1.19644999
 1.28112256 1.33400898]"
187_1723092770-875205078.png,"[0.12221297 0.35973163 0.50914997 0.78176804 1.03639507 1.18647478
 1.27298819 1.32723078]"
188_1723092770-908520264.png,"[0.12247136 0.35445733 0.50832388 0.78147588 1.03314824 1.18251644
 1.26923777 1.32385025]"
189_1723092770-941836182.png,"[0.11537975 0.33693785 0.50104019 0.77142906 1.01887231 1.16920676
 1.25786478 1.314146  ]"
190_1723092770-975151123.png,"[0.11250022 0.33840403 0.50193868 0.76137007 1.0069158  1.15996909
 1.25098632 1.30885304]"
191_1723092771-8466553.png,"[0.11464502 0.33579739 0.49094159 0.7508174  1.00156308 1.15752304
 1.24975001 1.30814963]"
192_1723092771-41780762.png,"[0.108171   0.31662952 0.49514573 0.75340803 0.9886357  1.13956943
 1.23201546 1.29188976]"
193_1723092771-75095459.png,"[0.10667978 0.31066291 0.48585042 0.73880871 0.97414896 1.12794308
 1.22285884 1.28447797]"
194_1723092771-108409180.png,"[0.10392359 0.31243872 0.47134378 0.71109858 0.95455574 1.11783835
 1.21800027 1.28229977]"
195_1723092771-141723633.png,"[0.09876191 0.29618991 0.46845028 0.70895004 0.94277754 1.10239029
 1.20279166 1.26836477]"
196_1723092771-175036865.png,"[0.09914872 0.29510414 0.46337875 0.69984365 0.93387321 1.09555298
 1.19765884 1.26437955]"
197_1723092771-208350586.png,"[0.09911048 0.29440412 0.4511511  0.68091103 0.92052558 1.08858633
 1.19425704 1.2627907 ]"
198_1723092771-241663330.png,"[0.09682668 0.28426379 0.44151795 0.66959701 0.90701319 1.07590926
 1.18333947 1.25346305]"
199_1723092771-274976563.png,"[0.09344301 0.28092642 0.436372   0.65641611 0.89169857 1.06349841
 1.17396819 1.24626129]"
200_1723092771-308288574.png,"[0.09287449 0.27315777 0.42701964 0.64122064 0.87106    1.04339518
 1.15653806 1.23141803]"
201_1723092771-341601563.png,"[0.09080648 0.26621837 0.41903847 0.63350148 0.86426722 1.03788436
 1.15209593 1.22774698]"
202_1723092771-374913086.png,"[0.09036474 0.26146175 0.4136664  0.62426794 0.8505638  1.02373399
 1.13941896 1.21674947]"
203_1723092771-408225342.png,"[0.0893767  0.25641471 0.40904172 0.61497035 0.83492011 1.00656086
 1.12354092 1.20273819]"
204_1723092771-441536377.png,"[0.08483568 0.24698966 0.39850563 0.60267313 0.82308993 0.99697705
 1.11609921 1.19685759]"
205_1723092771-474848145.png,"[0.08525589 0.24073723 0.387312   0.58646869 0.80294041 0.97708993
 1.0984498  1.18157856]"
206_1723092771-508158691.png,"[0.08227606 0.23297894 0.3828599  0.58592365 0.80263385 0.97546099
 1.09588938 1.17861438]"
207_1723092771-541469727.png,"[0.0811594  0.22519984 0.37509604 0.57752243 0.79023191 0.96062096
 1.0808875  1.16446165]"
208_1723092771-574779785.png,"[0.07783034 0.21729682 0.36930115 0.57051954 0.77897687 0.94691135
 1.06695766 1.15130256]"
209_1723092771-608090576.png,"[0.07975253 0.21755908 0.35943175 0.553965   0.76373055 0.9365165
 1.06064921 1.14762847]"
210_1723092771-641399902.png,"[0.0763374  0.20883408 0.34796683 0.5380961  0.74478859 0.91799771
 1.04424476 1.13347149]"
211_1723092771-674712646.png,"[0.07712899 0.2076521  0.34810815 0.53760392 0.73921302 0.90783032
 1.03200841 1.12083507]"
212_1723092771-708029053.png,"[0.07433605 0.20017287 0.33664429 0.52121409 0.72006841 0.88935693
 1.01574596 1.10686665]"
213_1723092771-741346191.png,"[0.0710774  0.19348087 0.33517661 0.52177253 0.71645471 0.88046531
 1.00366523 1.09349563]"
214_1723092771-774662109.png,"[0.07242191 0.19666483 0.33169259 0.50916354 0.69980175 0.86529363
 0.99182653 1.08472998]"
215_1723092771-807978760.png,"[0.07291292 0.19498744 0.32360801 0.49502259 0.68310943 0.84973215
 0.97877816 1.07409003]"
216_1723092771-841294189.png,"[0.07261527 0.19189351 0.31774352 0.4864414  0.67188625 0.83727051
 0.96645996 1.06256626]"
217_1723092771-874610107.png,"[0.07168486 0.18933064 0.31561657 0.48324929 0.66552041 0.82795461
 0.95566646 1.0514487 ]"
218_1723092771-907925049.png,"[0.07035494 0.18907137 0.3118125  0.47237571 0.65105683 0.81479978
 0.94583875 1.04480969]"
219_1723092771-941240479.png,"[0.07077816 0.18583362 0.30410876 0.46246763 0.64018188 0.80397029
 0.93568361 1.03553147]"
220_1723092771-974554932.png,"[0.068654   0.17855616 0.29215886 0.44655539 0.62189906 0.78568011
 0.91890873 1.02068136]"
221_1723092772-7869873.png,"[0.06480652 0.17337554 0.28643974 0.43684029 0.60916505 0.77301705
 0.90823571 1.01233244]"
222_1723092772-41183594.png,"[0.06175121 0.16883241 0.28086238 0.42772847 0.59751615 0.76153667
 0.89861081 1.00483974]"
223_1723092772-74498047.png,"[0.05073492 0.14836576 0.26049882 0.40508297 0.57324089 0.73837008
 0.87848435 0.98808004]"
224_1723092772-107811279.png,"[0.04487744 0.13717649 0.25498807 0.4049548  0.57382028 0.73564252
 0.87177231 0.97854357]"
225_1723092772-141125244.png,"[0.04367478 0.12771238 0.24240173 0.39402834 0.56262349 0.72127752
 0.8537355  0.95789417]"
226_1723092772-174437988.png,"[0.04105448 0.12686418 0.23726532 0.37818124 0.53999901 0.69984644
 0.83825417 0.9490222 ]"
227_1723092772-207751221.png,"[0.03878631 0.11774497 0.22591878 0.36835417 0.53131902 0.69054724
 0.82750579 0.93703475]"
228_1723092772-241063477.png,"[0.03673262 0.11316887 0.21983755 0.35994949 0.52056578 0.67851263
 0.81546709 0.92575451]"
229_1723092772-274376221.png,"[0.05894391 0.12852531 0.21109312 0.35046825 0.51472113 0.67035067
 0.79980103 0.90142462]"
230_1723092772-307687988.png,"[0.05663117 0.12471981 0.20577845 0.34158631 0.50284697 0.65758421
 0.78780762 0.89088071]"
231_1723092772-341000244.png,"[0.0541615  0.11820742 0.19483763 0.32622314 0.48517554 0.64032892
 0.77254096 0.87793833]"
232_1723092772-374311279.png,"[0.04954732 0.1119524  0.18745316 0.31340382 0.46802222 0.62295015
 0.7581348  0.86759808]"
233_1723092772-407623047.png,"[0.04552214 0.10618085 0.18378956 0.30973967 0.46353205 0.61795872
 0.75330135 0.86333585]"
234_1723092772-440933594.png,"[0.04193597 0.09843993 0.17411955 0.29630165 0.44505528 0.59499571
 0.72759106 0.83650563]"
235_1723092772-474244873.png,"[0.04164548 0.09303102 0.16424031 0.2866748  0.4381588  0.59086271
 0.72500074 0.83430346]"
236_1723092772-507554688.png,"[0.03951896 0.08918523 0.15737583 0.27570968 0.42581706 0.58116416
 0.72025219 0.83469293]"
237_1723092772-540865479.png,"[0.038517   0.08332702 0.14717604 0.26276193 0.40994504 0.56196079
 0.6980057  0.8101583 ]"
238_1723092772-574175049.png,"[0.03766723 0.07974201 0.14131999 0.25546233 0.40133761 0.55202117
 0.68686236 0.79805363]"
239_1723092772-607485107.png,"[0.03330199 0.07421912 0.13574041 0.24492994 0.38516683 0.53310525
 0.66874647 0.78284497]"
240_1723092772-640793945.png,"[0.03159734 0.06979297 0.1275058  0.23276338 0.37132171 0.52088343
 0.66037471 0.77881638]"
241_1723092772-674112305.png,"[0.0294263  0.06661489 0.12259396 0.2238166  0.35929746 0.50900493
 0.65159307 0.77431729]"
242_1723092772-707478271.png,"[0.02831678 0.06145486 0.11492825 0.21560124 0.35047764 0.49849847
 0.63861968 0.75890312]"
243_1723092772-740915283.png,"[0.02731586 0.05771547 0.10779645 0.20481778 0.33603212 0.48118427
 0.61977002 0.739681  ]"
244_1723092772-774352051.png,"[0.02661703 0.05726311 0.1053803  0.19846229 0.32696203 0.47282522
 0.6152534  0.74025884]"
245_1723092772-807790771.png,"[0.0265727  0.05741507 0.10221114 0.18910484 0.31122368 0.45338507
 0.5959076  0.72366673]"
246_1723092772-841229004.png,"[0.02716888 0.05478955 0.09540971 0.18066182 0.30206423 0.44330545
 0.58441772 0.7106193 ]"
247_1723092772-874669189.png,"[0.02813968 0.05537263 0.0924044  0.1735021  0.29113993 0.43016652
 0.57108118 0.69853826]"
248_1723092772-908109131.png,"[0.02762855 0.05446705 0.08888043 0.16534575 0.27839129 0.41502734
 0.55663659 0.68696584]"
249_1723092772-941551025.png,"[0.02800148 0.05547601 0.08592208 0.15627996 0.26503306 0.4024011
 0.54994572 0.68855817]"
250_1723092772-974992676.png,"[0.0275957  0.05553199 0.08419756 0.14948168 0.25151416 0.38305904
 0.52799442 0.66749567]"
251_1723092773-8436035.png,"[0.02758887 0.05408814 0.08129544 0.14515769 0.24428998 0.37096808
 0.51018813 0.64496325]"
252_1723092773-41879150.png,"[0.02811979 0.05652349 0.08197953 0.1407795  0.23423027 0.35751192
 0.49738934 0.6361995 ]"
253_1723092773-75323975.png,"[0.02895036 0.05837136 0.08034102 0.13322422 0.22111036 0.34207033
 0.48439062 0.62912755]"
254_1723092773-108768799.png,"[0.029062   0.05593115 0.07685041 0.13116372 0.2200281  0.33913791
 0.47627425 0.61438448]"
255_1723092773-142215332.png,"[0.02814351 0.05632318 0.07543835 0.12337588 0.20497289 0.31991033
 0.45866895 0.60345757]"
256_1723092773-175661621.png,"[0.02506195 0.0534441  0.07325795 0.11750384 0.19422104 0.30649733
 0.44722048 0.59803796]"
257_1723092773-209109619.png,"[0.02468887 0.05092013 0.06943652 0.11312996 0.18800772 0.29582143
 0.42988922 0.57427017]"
258_1723092773-242557617.png,"[0.02263918 0.04517293 0.06315895 0.10804831 0.18410118 0.29155178
 0.42308909 0.56363332]"
259_1723092773-276007080.png,"[0.02066504 0.0433641  0.06271249 0.10577052 0.17734867 0.2788252
 0.4048511  0.5423201 ]"
260_1723092773-309456543.png,"[0.02116383 0.04235188 0.05998337 0.10199087 0.17099724 0.266837
 0.38425066 0.51233077]"
261_1723092773-342907959.png,"[0.02126946 0.04267323 0.05969041 0.10025475 0.16725484 0.26095453
 0.37668896 0.50405721]"
262_1723092773-376358887.png,"[0.01798748 0.04044516 0.05830638 0.09448394 0.15662899 0.24965429
 0.3719959  0.51244687]"
263_1723092773-409811768.png,"[0.02070369 0.0427517  0.05726625 0.091504   0.15090861 0.2386671
 0.3528921  0.48427413]"
264_1723092773-443264404.png,"[0.01903883 0.04298401 0.05912974 0.09048555 0.14491758 0.22824508
 0.34111854 0.47546084]"
265_1723092773-476718750.png,"[0.0200408  0.04346324 0.0585859  0.08960015 0.14248522 0.22149873
 0.32680554 0.45184721]"
266_1723092773-510173096.png,"[0.01974621 0.04354968 0.0581176  0.0870873  0.13737873 0.21428902
 0.31901575 0.44555274]"
267_1723092773-543629150.png,"[0.01925333 0.04111223 0.05582543 0.08623087 0.13664731 0.21004699
 0.30637812 0.42070852]"
268_1723092773-577084961.png,"[0.01969873 0.03956076 0.05463    0.08795361 0.13972035 0.20911485
 0.29363974 0.38876052]"
269_1723092773-610542480.png,"[0.01808545 0.0384331  0.05528224 0.08785772 0.13683084 0.20202887
 0.28182687 0.37270884]"
270_1723092773-643999756.png,"[0.01809264 0.03945983 0.05560185 0.0858247  0.13263599 0.19763352
 0.28057634 0.37838586]"
271_1723092773-677458984.png,"[0.01829786 0.0399286  0.05552046 0.0843095  0.12875473 0.19052452
 0.26967777 0.36372398]"
272_1723092773-710873779.png,"[0.01840915 0.03917565 0.054904   0.08442625 0.12811681 0.1857689
 0.25619772 0.33692055]"
273_1723092773-744191162.png,"[0.01775477 0.04173406 0.07169181 0.12033447 0.18440903 0.25973853
 0.341419   0.4244887 ]"
274_1723092773-777507324.png,"[0.01647613 0.04111382 0.07288708 0.12104783 0.18263895 0.25397321
 0.33082563 0.40896244]"
275_1723092773-810824219.png,"[0.01658774 0.04066837 0.07273897 0.12131234 0.1814842  0.24799774
 0.31575158 0.38043073]"
276_1723092773-844139893.png,"[0.01632175 0.03967777 0.07149013 0.11947336 0.17756978 0.23961799
 0.29997231 0.35407556]"
277_1723092773-877456299.png,"[0.01530616 0.04125437 0.07220781 0.11440575 0.16709189 0.22896254
 0.29807321 0.37191178]"
278_1723092773-910771484.png,"[0.01557551 0.04030928 0.07067619 0.11321064 0.16507451 0.22314594
 0.28421331 0.34528206]"
279_1723092773-944087402.png,"[0.01570523 0.04114147 0.07057089 0.11073338 0.15999816 0.21639805
 0.27767783 0.34145772]"
280_1723092773-977401855.png,"[0.01483618 0.04071914 0.07145779 0.11090488 0.15703457 0.20766777
 0.26058709 0.31370182]"
281_1723092774-10717285.png,"[0.01362535 0.03751929 0.07007668 0.11209474 0.15799887 0.20244482
 0.24064318 0.26846737]"
282_1723092774-44031250.png,"[0.01439875 0.04078997 0.07024303 0.10569476 0.14639987 0.19147199
 0.23989631 0.29057074]"
283_1723092774-77345947.png,"[0.01386852 0.03037178 0.04895037 0.07861166 0.1138639  0.14929662
 0.17979625 0.20065199]"
284_1723092774-110659424.png,"[0.01206883 0.04012709 0.06958866 0.09915642 0.13219469 0.17181814
 0.22065808 0.28047836]"
285_1723092774-143973877.png,"[0.01184238 0.03826082 0.06716529 0.09717115 0.12976589 0.16630634
 0.20793181 0.25544607]"
286_1723092774-177286865.png,"[0.010461   0.03542489 0.06502933 0.09537478 0.12647132 0.15831025
 0.19086247 0.22407686]"
287_1723092774-210600586.png,"[0.00967097 0.03234375 0.06143807 0.09221662 0.12246132 0.15004945
 0.17299544 0.189444  ]"
288_1723092774-243912842.png,"[0.00947009 0.03156636 0.05927099 0.0883865  0.11723051 0.1441849
 0.16772824 0.18644218]"
289_1723092774-277226074.png,"[0.00764395 0.01698833 0.03615318 0.06588329 0.09690472 0.12018282
 0.12701894 0.10865427]"
290_1723092774-310538086.png,"[0.00912259 0.01787564 0.03440759 0.06258628 0.09232705 0.11377841
 0.11740086 0.09351556]"
291_1723092774-343850586.png,"[0.00964724 0.01736518 0.03026746 0.05530869 0.08360879 0.10643536
 0.11532705 0.10185103]"
292_1723092774-377162109.png,"[0.00735612 0.01591295 0.02966458 0.05150717 0.07529354 0.09496258
 0.10460299 0.09834915]"
293_1723092774-410474121.png,"[0.00690234 0.01383534 0.02595297 0.0470268  0.07092055 0.09156695
 0.10304496 0.09950718]"
294_1723092774-443784912.png,"[0.00021533 0.00959702 0.02675952 0.04337894 0.06040836 0.07878775
 0.09943178 0.12321166]"
295_1723092774-477096680.png,"[0.00090881 0.00923919 0.02273882 0.03607635 0.05085606 0.06866265
 0.09103829 0.11943806]"
296_1723092774-510406982.png,"[-0.00061263  0.0071586   0.01994701  0.03076072  0.04270563  0.05886609
  0.08226816  0.11578347]"
297_1723092774-543718018.png,"[-0.00232437 -0.00082036  0.01196985  0.0280623   0.04427923  0.057463
  0.06449022  0.06225018]"
298_1723092774-577027832.png,"[-0.0018074   0.00196024  0.01093141  0.01916557  0.02874705  0.04175149
  0.06022976  0.08616748]"
299_1723092774-610338135.png,"[-0.00259164 -0.00080157  0.00865348  0.01842467  0.02794136  0.03663478
  0.04393931  0.0492926 ]"
300_1723092774-643647461.png,"[-0.0019896  -0.00205776  0.00488978  0.01388578  0.02306597  0.03056922
  0.03454044  0.0331269 ]"
301_1723092774-676957520.png,"[-0.00187419 -0.00195432  0.00363505  0.0107151   0.01827317  0.02529734
  0.03077802  0.03370827]"
302_1723092774-710305664.png,"[-0.00216085 -0.000653    0.00972065  0.02038427  0.02761685  0.02770703
  0.01693644 -0.00843249]"
303_1723092774-743742676.png,"[-0.00025493  0.0104392   0.02671525  0.03342953  0.0274623   0.00565636
 -0.0351239  -0.09758798]"
304_1723092774-777179443.png,"[ 0.00012787  0.01179181  0.02217373  0.02020703  0.00907467 -0.00804262
 -0.02794401 -0.04742078]"
305_1723092774-810617920.png,"[-0.00125242  0.01137474  0.02127953  0.01499056 -0.00170174 -0.022991
 -0.04305355 -0.05611033]"
306_1723092774-844056152.png,"[-0.00252332  0.0086708   0.01846106  0.01172667 -0.00638265 -0.03069462
 -0.0560067  -0.07716356]"
307_1723092774-877496338.png,"[-0.00286737  0.01170211  0.01888042  0.00375099 -0.02155583 -0.04487142
 -0.05411947 -0.0372778 ]"
308_1723092774-910936279.png,"[-0.0006454   0.00687015  0.01041366  0.00131949 -0.01741678 -0.04276755
 -0.07166253 -0.10103446]"
309_1723092774-944377930.png,"[-0.0006424   0.00587578  0.00495822 -0.00878293 -0.02926611 -0.05039558
 -0.0661238  -0.07048779]"
310_1723092774-977819580.png,"[ 0.00171159  0.00614844 -0.00337317 -0.0241722  -0.04878699 -0.06978707
 -0.07987073 -0.07179107]"
311_1723092775-11262939.png,"[-0.00385064 -0.01309866 -0.022291   -0.0325046  -0.04699678 -0.06898027
 -0.10153572 -0.1473944 ]"
312_1723092775-44706055.png,"[-0.00549487 -0.01743754 -0.02885679 -0.04171272 -0.05954439 -0.08581407
 -0.12377066 -0.17613236]"
313_1723092775-78150879.png,"[-0.0097296  -0.02719684 -0.0387108  -0.05060454 -0.06853876 -0.09804448
 -0.1442422  -0.21110984]"
314_1723092775-111595459.png,"[-0.01264611 -0.03210335 -0.04560392 -0.061669   -0.08326324 -0.11323176
 -0.1541392  -0.20795139]"
315_1723092775-145041992.png,"[-0.01446249 -0.03416963 -0.05113084 -0.07419883 -0.10149762 -0.13114077
 -0.16127819 -0.19015169]"
316_1723092775-178488281.png,"[-0.01788369 -0.04273559 -0.06325556 -0.08933032 -0.11834133 -0.14771515
 -0.17499726 -0.19790125]"
317_1723092775-211936279.png,"[-0.01935848 -0.04103887 -0.06500568 -0.10167193 -0.13946944 -0.16740109
 -0.17515361 -0.15224462]"
318_1723092775-245384277.png,"[-0.0232556  -0.04926958 -0.07466294 -0.1128423  -0.15165077 -0.17962947
 -0.18608298 -0.16002909]"
319_1723092775-278833984.png,"[-0.02649599 -0.05626322 -0.08295521 -0.12256732 -0.16276464 -0.1920092
 -0.19962609 -0.17466946]"
320_1723092775-312283447.png,"[-0.02910608 -0.06457144 -0.09468507 -0.13491848 -0.17362051 -0.20000104
 -0.20401719 -0.17513026]"
321_1723092775-345734619.png,"[-0.03515907 -0.07685341 -0.10532198 -0.14311307 -0.18031975 -0.2077645
 -0.21698158 -0.19936041]"
322_1723092775-379185547.png,"[-0.03679281 -0.08538876 -0.11545612 -0.14942645 -0.18315655 -0.21279679
 -0.23485255 -0.2460794 ]"
323_1723092775-412638428.png,"[-0.03783804 -0.0882858  -0.12077057 -0.15727462 -0.19277769 -0.2226694
 -0.24279125 -0.24922179]"
324_1723092775-446091064.png,"[-0.04031374 -0.09486542 -0.12763423 -0.16282729 -0.19753558 -0.22908606
 -0.25509424 -0.27342337]"
325_1723092775-479545410.png,"[-0.04375748 -0.10327589 -0.13699217 -0.17178453 -0.20600348 -0.23814178
 -0.26686822 -0.29102514]"
326_1723092775-512999756.png,"[-0.04661385 -0.11184787 -0.14622781 -0.17917193 -0.21276746 -0.24889136
 -0.28911599 -0.33458342]"
327_1723092775-546455566.png,"[-0.04825487 -0.11605123 -0.15110129 -0.18417255 -0.21824743 -0.25599646
 -0.29962225 -0.35063132]"
328_1723092775-579911377.png,"[-0.05052046 -0.12236037 -0.15705073 -0.18813379 -0.2217795  -0.26349814
 -0.31765575 -0.38662792]"
329_1723092775-613369141.png,"[-0.05307542 -0.12825525 -0.1654212  -0.19930304 -0.2352324  -0.27790225
 -0.3309688  -0.39641117]"
330_1723092775-646826416.png,"[-0.05675311 -0.13160485 -0.16969498 -0.20999307 -0.25234302 -0.29649337
 -0.34210074 -0.38874319]"
331_1723092775-680285645.png,"[-0.06080188 -0.1359854  -0.17324031 -0.21694351 -0.26306304 -0.30796269
 -0.34860694 -0.38260432]"
332_1723092775-713698975.png,"[-0.06260727 -0.14052263 -0.18061447 -0.22735341 -0.27573047 -0.32134999
 -0.36065168 -0.39086268]"
333_1723092775-747017578.png,"[-0.06568065 -0.14589167 -0.18751196 -0.23751466 -0.28887487 -0.33557458
 -0.37286619 -0.39701567]"
334_1723092775-780334961.png,"[-0.06698935 -0.14978426 -0.19458936 -0.24753126 -0.30065557 -0.34731893
 -0.38238404 -0.40173399]"
335_1723092775-813653076.png,"[-0.06703082 -0.15165805 -0.20055807 -0.25718613 -0.31267901 -0.35983699
 -0.39321533 -0.40836084]"
336_1723092775-846969727.png,"[-0.07143411 -0.15722657 -0.20440193 -0.26282814 -0.32131394 -0.37080133
 -0.40454779 -0.41704106]"
337_1723092775-880287354.png,"[-0.07056782 -0.15786264 -0.21009789 -0.27291709 -0.33426655 -0.38469404
 -0.4173561  -0.42655071]"
338_1723092775-913603760.png,"[-0.07134394 -0.16040139 -0.21470461 -0.27924945 -0.34163944 -0.39230276
 -0.42439642 -0.43216005]"
339_1723092775-946920654.png,"[-0.07249615 -0.16366525 -0.22198716 -0.29060632 -0.35497656 -0.40424526
 -0.43068648 -0.42708224]"
340_1723092775-980236328.png,"[-0.0725258  -0.16542997 -0.22674007 -0.29775323 -0.36398831 -0.41485743
 -0.44303462 -0.44181296]"
341_1723092776-13552979.png,"[-0.07174383 -0.16601945 -0.23262959 -0.30810228 -0.37639231 -0.42620764
 -0.44976265 -0.43916086]"
342_1723092776-46868164.png,"[-0.07345475 -0.1707112  -0.23797806 -0.31340062 -0.38243476 -0.43491783
 -0.46414193 -0.46397187]"
343_1723092776-80184326.png,"[-0.07536814 -0.17368857 -0.24306062 -0.32217808 -0.39384377 -0.44635001
 -0.47202716 -0.46323624]"
344_1723092776-113499023.png,"[-0.05442117 -0.1548794  -0.24448097 -0.32592076 -0.39540767 -0.4511065
 -0.4924009  -0.51907198]"
345_1723092776-146814453.png,"[-0.07538156 -0.17996892 -0.25412114 -0.33347023 -0.40555886 -0.46217022
 -0.49843132 -0.51052011]"
346_1723092776-180128662.png,"[-0.05402833 -0.15699197 -0.25439419 -0.34315531 -0.41738592 -0.47429742
 -0.51286744 -0.53235912]"
347_1723092776-213443604.png,"[-0.05486251 -0.16051162 -0.25875237 -0.34723983 -0.42211574 -0.48189906
 -0.52648871 -0.55618542]"
348_1723092776-246757324.png,"[-0.05683882 -0.16450525 -0.26272075 -0.35204466 -0.42931757 -0.49342646
 -0.54454581 -0.58338502]"
349_1723092776-280071777.png,"[-0.05600625 -0.16506307 -0.26785612 -0.36034277 -0.43840516 -0.50063592
 -0.54716215 -0.57854158]"
350_1723092776-313385010.png,"[-0.05866845 -0.16948371 -0.26985646 -0.36105589 -0.44023817 -0.50655226
 -0.56038871 -0.6026664 ]"
351_1723092776-346698975.png,"[-0.05878362 -0.16996092 -0.27300391 -0.36733114 -0.44841957 -0.51457883
 -0.56587485 -0.60303849]"
352_1723092776-380011719.png,"[-0.05864926 -0.16916618 -0.27175384 -0.36674605 -0.44975399 -0.51904228
 -0.57464298 -0.61738539]"
353_1723092776-413325195.png,"[-0.06017612 -0.17253256 -0.2747599  -0.37014539 -0.45566008 -0.53012824
 -0.59370874 -0.64728112]"
354_1723092776-446637451.png,"[-0.0608282  -0.17261275 -0.27672128 -0.37547019 -0.4627997  -0.53598964
 -0.59469642 -0.63971613]"
355_1723092776-479950195.png,"[-0.06173139 -0.17379754 -0.27756719 -0.37743681 -0.46736977 -0.54445325
 -0.60817862 -0.6593316 ]"
356_1723092776-513261963.png,"[-0.06192766 -0.17582151 -0.28158576 -0.38288273 -0.47448619 -0.55393915
 -0.62093035 -0.67634056]"
357_1723092776-546574463.png,"[-0.06158394 -0.17336337 -0.28013981 -0.38514011 -0.48055932 -0.56246797
 -0.63004753 -0.68417094]"
358_1723092776-579885498.png,"[-0.06382262 -0.17731105 -0.28425343 -0.39014375 -0.48650585 -0.56905479
 -0.63687448 -0.69086241]"
359_1723092776-613197510.png,"[-0.06356658 -0.17686041 -0.28629041 -0.39585303 -0.49560194 -0.5805501
 -0.64968757 -0.70407662]"
360_1723092776-646508057.png,"[-0.06550197 -0.18056287 -0.28844714 -0.39727447 -0.49853837 -0.58752085
 -0.66290679 -0.72542861]"
361_1723092776-679819336.png,"[-0.06529698 -0.18299709 -0.2935353  -0.40339537 -0.50581116 -0.5969492
 -0.67569702 -0.74267213]"
362_1723092776-713156250.png,"[-0.06553451 -0.18209266 -0.29561015 -0.41087317 -0.51734884 -0.60954616
 -0.68629073 -0.7487803 ]"
363_1723092776-746549561.png,"[-0.06575942 -0.1828079  -0.29790233 -0.41558526 -0.5247637  -0.61956691
 -0.69869936 -0.76340179]"
364_1723092776-779942139.png,"[-0.06585584 -0.18307198 -0.2982177  -0.41643027 -0.52686375 -0.62354509
 -0.70497147 -0.77222906]"
365_1723092776-813335938.png,"[-0.06663937 -0.18573457 -0.30264775 -0.42258245 -0.53494111 -0.63377074
 -0.71750507 -0.78717752]"
366_1723092776-846729004.png,"[-0.06673909 -0.18570269 -0.30302226 -0.42433117 -0.5386574  -0.63962844
 -0.72541527 -0.79695696]"
367_1723092776-880123291.png,"[-0.06661785 -0.18560343 -0.30687135 -0.43264244 -0.54910763 -0.6492317
 -0.73180111 -0.79860138]"
368_1723092776-913516602.png,"[-0.06791711 -0.18815402 -0.30897702 -0.43509749 -0.55322977 -0.6561166
 -0.74211106 -0.81268255]"
369_1723092776-946911377.png,"[-0.06999225 -0.19383552 -0.30994181 -0.43088583 -0.54943271 -0.65923283
 -0.75656272 -0.84042017]"
370_1723092776-980305176.png,"[-0.07060698 -0.1913984  -0.3118026  -0.44091722 -0.56351772 -0.67081594
 -0.76050675 -0.83400067]"
371_1723092777-13700439.png,"[-0.07077432 -0.1933677  -0.314546   -0.44417455 -0.56872435 -0.67950788
 -0.77358113 -0.85174351]"
372_1723092777-47094727.png,"[-0.07183128 -0.19734826 -0.31765564 -0.44568222 -0.57113619 -0.68571204
 -0.78527848 -0.86936852]"
373_1723092777-80490234.png,"[-0.07299058 -0.19955875 -0.32254573 -0.45403997 -0.58155058 -0.69614987
 -0.79422342 -0.8760819 ]"
374_1723092777-113885010.png,"[-0.07245424 -0.19757946 -0.32147344 -0.45590338 -0.58671754 -0.70386275
 -0.8034297  -0.88591889]"
375_1723092777-147281006.png,"[-0.07373447 -0.20392039 -0.32867493 -0.46116059 -0.59129627 -0.71016039
 -0.81305347 -0.89936114]"
376_1723092777-180676270.png,"[-0.07633041 -0.20914118 -0.33039598 -0.4608921  -0.59359381 -0.71861991
 -0.82866414 -0.92120921]"
377_1723092777-214072510.png,"[-0.07366087 -0.20326108 -0.3288507  -0.4655808  -0.60238615 -0.72807634
 -0.83630573 -0.92603829]"
378_1723092777-247468262.png,"[-0.07439996 -0.20301911 -0.33104273 -0.47283748 -0.61325932 -0.73966389
 -0.84642432 -0.9337311 ]"
379_1723092777-280865234.png,"[-0.07734821 -0.20712388 -0.33360141 -0.47672204 -0.62029977 -0.75
 -0.85918968 -0.94790972]"
380_1723092777-314261230.png,"[-0.07692476 -0.20885106 -0.33841359 -0.48366745 -0.62915547 -0.7604603
 -0.87074779 -0.96005773]"
381_1723092777-347658447.png,"[-0.07808429 -0.21222492 -0.33982896 -0.48324635 -0.62986968 -0.76463187
 -0.87880427 -0.9712783 ]"
382_1723092777-381054932.png,"[-0.07824345 -0.21116847 -0.34256052 -0.49209033 -0.64226644 -0.77683566
 -0.88856752 -0.97800912]"
383_1723092777-414452881.png,"[-0.0775355  -0.2135191  -0.34604702 -0.49414496 -0.64407532 -0.78016736
 -0.89411295 -0.98556496]"
384_1723092777-447849854.png,"[-0.07706561 -0.21193961 -0.34735517 -0.50054755 -0.65449413 -0.79209281
 -0.90560904 -0.99575504]"
385_1723092777-481248047.png,"[-0.07895903 -0.21593753 -0.35301819 -0.50797442 -0.66257114 -0.79962247
 -0.912007   -1.00095347]"
386_1723092777-514645264.png,"[-0.08097262 -0.22274923 -0.35798869 -0.51122508 -0.66865018 -0.81122707
 -0.92873363 -1.0211512 ]"
387_1723092777-548043945.png,"[-0.08031504 -0.22391895 -0.36068585 -0.51484313 -0.67415427 -0.81888536
 -0.93790231 -1.03103176]"
388_1723092777-581441895.png,"[-0.08397257 -0.22652132 -0.36215118 -0.51918116 -0.68020833 -0.82417173
 -0.94119518 -1.03230154]"
389_1723092777-614840820.png,"[-0.08537015 -0.23257009 -0.37316387 -0.53521808 -0.70042221 -0.84627999
 -0.96313544 -1.05299715]"
390_1723092777-648239258.png,"[-0.0858463  -0.23505819 -0.37965474 -0.54356421 -0.70731608 -0.85013436
 -0.9641907  -1.0520853 ]"
391_1723092777-681638672.png,"[-0.08660336 -0.24078884 -0.38563892 -0.54668422 -0.70917337 -0.85278501
 -0.96830315 -1.05744558]"
392_1723092777-715007813.png,"[-0.08993478 -0.24681027 -0.39074709 -0.55358648 -0.7195358  -0.86579562
 -0.98231914 -1.07131401]"
393_1723092777-748318115.png,"[-0.09484871 -0.25522897 -0.39972686 -0.5676822  -0.73930892 -0.88819635
 -1.00446309 -1.09183956]"
394_1723092777-781626953.png,"[-0.09895534 -0.26519942 -0.41218281 -0.58159625 -0.75306154 -0.90048147
 -1.01492    -1.1006615 ]"
395_1723092777-814936523.png,"[-0.09754918 -0.26770963 -0.41789093 -0.58980855 -0.76515319 -0.9155468
 -1.03110835 -1.11671106]"
396_1723092777-848244873.png,"[-0.10436246 -0.2797773  -0.42852442 -0.60027385 -0.77516082 -0.92435296
 -1.0384957  -1.12285214]"
397_1723092777-881553711.png,"[-0.10583187 -0.28588363 -0.43399279 -0.60665259 -0.7857511  -0.93855947
 -1.05414446 -1.13845893]"
398_1723092777-914861328.png,"[-0.11261914 -0.29430279 -0.44054352 -0.61582923 -0.79627185 -0.94796204
 -1.06159843 -1.14415963]"
399_1723092777-948169678.png,"[-0.10715742 -0.28744187 -0.44304897 -0.62524976 -0.80721451 -0.95702274
 -1.06823634 -1.14887969]"
400_1723092777-981476563.png,"[-0.10874958 -0.29419851 -0.44815117 -0.62907464 -0.81332137 -0.96578169
 -1.0783177  -1.1592322 ]"
401_1723092778-14784180.png,"[-0.11567971 -0.30646345 -0.46010567 -0.64393979 -0.83004464 -0.98164061
 -1.0921256  -1.17098518]"
402_1723092778-48090332.png,"[-0.1110511  -0.30866988 -0.46558673 -0.6498675  -0.84010321 -0.99528517
 -1.10708586 -1.18583986]"
403_1723092778-81397461.png,"[-0.11577298 -0.31175172 -0.46999812 -0.65925932 -0.84956069 -1.00166947
 -1.11057601 -1.18738666]"
404_1723092778-114702881.png,"[-0.11813501 -0.3218938  -0.47764197 -0.6650126  -0.85802866 -1.01272023
 -1.12245059 -1.19903006]"
405_1723092778-148009277.png,"[-0.12109045 -0.32490509 -0.48505892 -0.68132668 -0.87738143 -1.02956993
 -1.13573782 -1.20940229]"
406_1723092778-181314209.png,"[-0.12232258 -0.32664999 -0.48741273 -0.68609062 -0.88342754 -1.03525569
 -1.14055666 -1.21341184]"
407_1723092778-214619873.png,"[-0.1182059  -0.32410381 -0.49056789 -0.69530568 -0.89642021 -1.04838574
 -1.1523374  -1.22368086]"
408_1723092778-247924072.png,"[-0.12548058 -0.34040714 -0.49480008 -0.69450456 -0.90104761 -1.05791274
 -1.16369018 -1.23519916]"
409_1723092778-281229004.png,"[-0.12390442 -0.32915477 -0.49298656 -0.69980267 -0.90152441 -1.05250161
 -1.15532344 -1.22581702]"
410_1723092778-314532715.png,"[-0.12465995 -0.33531018 -0.50051709 -0.70846879 -0.91140445 -1.06219016
 -1.16411027 -1.23362164]"
411_1723092778-347836914.png,"[-0.12627542 -0.34087987 -0.50639758 -0.71854507 -0.9251321  -1.07601618
 -1.17653215 -1.24448479]"
412_1723092778-381139893.png,"[-0.12607144 -0.33731704 -0.50742202 -0.72330476 -0.92817505 -1.07650506
 -1.17550529 -1.24272697]"
413_1723092778-414443604.png,"[-0.1260869  -0.33621097 -0.50587752 -0.72065582 -0.92462122 -1.07291479
 -1.17224853 -1.23985017]"
414_1723092778-447745850.png,"[-0.12638608 -0.34613785 -0.50936439 -0.71738677 -0.92399139 -1.07626624
 -1.1777308  -1.24615222]"
415_1723092778-481048828.png,"[-0.12726737 -0.34711802 -0.51398323 -0.72506787 -0.93052161 -1.08049577
 -1.18031941 -1.24775381]"
416_1723092778-514350586.png,"[-0.12741449 -0.34502575 -0.51487365 -0.72837248 -0.93253681 -1.08073053
 -1.17952656 -1.24647949]"
417_1723092778-547652832.png,"[-0.12895876 -0.35286161 -0.51484944 -0.7239128  -0.93211688 -1.08430982
 -1.18492608 -1.2524413 ]"
418_1723092778-580953857.png,"[-0.12899787 -0.34933687 -0.51654326 -0.72994993 -0.93613851 -1.08536048
 -1.18423672 -1.25091544]"
419_1723092778-614255371.png,"[-0.12914458 -0.34630119 -0.51683099 -0.73399373 -0.93945743 -1.08681076
 -1.1844314  -1.25042732]"
420_1723092778-647555664.png,"[-0.12910758 -0.34878895 -0.51668589 -0.73215304 -0.93916451 -1.08807062
 -1.18642667 -1.25267394]"
421_1723092778-680856689.png,"[-0.12900798 -0.34746317 -0.51754661 -0.73375299 -0.93924653 -1.08692627
 -1.184765   -1.2508683 ]"
422_1723092778-714186035.png,"[-0.12982581 -0.35027403 -0.51926007 -0.73689957 -0.94448693 -1.09267076
 -1.19016112 -1.25572153]"
423_1723092778-747573975.png,"[-0.12982581 -0.35027403 -0.51926007 -0.73689957 -0.94448693 -1.09267076
 -1.19016112 -1.25572153]"
424_1723092778-780961182.png,"[-0.12982581 -0.35027403 -0.51926007 -0.73689957 -0.94448693 -1.09267076
 -1.19016112 -1.25572153]"
425_1723092778-814349609.png,"[-0.13048046 -0.35089665 -0.51882306 -0.73628119 -0.94423383 -1.09269537
 -1.19030674 -1.25591002]"
426_1723092778-847737061.png,"[-0.12982581 -0.35027403 -0.51926007 -0.73689957 -0.94448693 -1.09267076
 -1.19016112 -1.25572153]"
427_1723092778-881125977.png,"[-0.12982581 -0.35027403 -0.51926007 -0.73689957 -0.94448693 -1.09267076
 -1.19016112 -1.25572153]"
428_1723092778-914513672.png,"[-0.13153963 -0.34983814 -0.51772129 -0.73662279 -0.94459907 -1.09258087
 -1.18985814 -1.25529124]"
429_1723092778-947902832.png,"[-0.13067969 -0.35012923 -0.51851031 -0.73672032 -0.94452233 -1.09263715
 -1.19003892 -1.25554362]"
430_1723092778-981291016.png,"[-0.12982581 -0.35027403 -0.51926007 -0.73689957 -0.94448693 -1.09267076
 -1.19016112 -1.25572153]"
431_1723092779-14680420.png,"[-0.13022871 -0.35133293 -0.5191608  -0.73610405 -0.94405522 -1.09268958
 -1.19042199 -1.25608784]"
432_1723092779-48069092.png,"[-0.13188069 -0.35012702 -0.51652206 -0.73623211 -0.94585293 -1.09454885
 -1.19191887 -1.2572357 ]"
433_1723092779-81458740.png,"[-0.13153963 -0.34983814 -0.51772129 -0.73662279 -0.94459907 -1.09258087
 -1.18985814 -1.25529124]"
434_1723092779-114847656.png,"[-0.13089534 -0.34973395 -0.51777997 -0.73709913 -0.94575652 -1.09399874
 -1.19126209 -1.25659442]"
435_1723092779-148237793.png,"[-0.13081423 -0.34983256 -0.51803112 -0.7371424  -0.9456047  -1.09379653
 -1.19107047 -1.25642663]"
436_1723092779-181626953.png,"[-0.13123438 -0.34812673 -0.51810888 -0.7390405  -0.94667047 -1.09369999
 -1.19031991 -1.25537859]"
437_1723092779-215017578.png,"[-0.13065596 -0.34741892 -0.51875452 -0.73980898 -0.94671781 -1.09326642
 -1.18970541 -1.25472322]"
438_1723092779-248406982.png,"[-0.12991137 -0.34908031 -0.5193719  -0.73871686 -0.94617419 -1.09364584
 -1.19061336 -1.255866  ]"
439_1723092779-281797852.png,"[-0.12982581 -0.35027403 -0.51926007 -0.73689957 -0.94448693 -1.09267076
 -1.19016112 -1.25572153]"
440_1723092779-315187744.png,"[-0.12790143 -0.34964008 -0.5173276  -0.7315243  -0.93893099 -1.08855129
 -1.18730928 -1.25372443]"
441_1723092779-348578857.png,"[-0.12636385 -0.34610329 -0.50935188 -0.72059569 -0.92984985 -1.08240594
 -1.18321993 -1.25089103]"
442_1723092779-381968994.png,"[-0.12472862 -0.33277637 -0.50361313 -0.72138492 -0.92704398 -1.07548475
 -1.17447992 -1.24171066]"
443_1723092779-415360596.png,"[-0.1236438  -0.33246458 -0.49679808 -0.70721441 -0.91315154 -1.06518006
 -1.16725501 -1.2365623 ]"
444_1723092779-448751221.png,"[-0.12203063 -0.32424477 -0.49100283 -0.70792923 -0.91619916 -1.06762068
 -1.16869604 -1.2372595 ]"
445_1723092779-482142822.png,"[-0.11646442 -0.32338856 -0.48920637 -0.69668877 -0.90244627 -1.05654042
 -1.1606731  -1.2314936 ]"
446_1723092779-515533936.png,"[-0.11460067 -0.31073597 -0.47518743 -0.68340744 -0.88836398 -1.04265532
 -1.14786193 -1.21993839]"
447_1723092779-548926025.png,"[-0.11296428 -0.30715599 -0.46735946 -0.66982474 -0.87354987 -1.03007134
 -1.13788194 -1.21199614]"
448_1723092779-582317139.png,"[-0.10871404 -0.29377541 -0.45740786 -0.66285205 -0.86506425 -1.01998273
 -1.12745097 -1.20193108]"
449_1723092779-615709717.png,"[-0.10236282 -0.27945814 -0.45143432 -0.65982542 -0.85742643 -1.00814248
 -1.11391869 -1.18821834]"
450_1723092779-649101318.png,"[-0.10243014 -0.28797322 -0.4427266  -0.6366678  -0.84060672 -1.00350777
 -1.1176408  -1.19639865]"
451_1723092779-682494141.png,"[-0.09846902 -0.2746693  -0.43284804 -0.62977803 -0.83140121 -0.99185229
 -1.10529498 -1.18439639]"
452_1723092779-715869629.png,"[-0.09599995 -0.2638514  -0.42171059 -0.62007811 -0.82097475 -0.98073319
 -1.09434396 -1.17407508]"
453_1723092779-749215088.png,"[-0.09182757 -0.25399808 -0.41215233 -0.61001086 -0.80988618 -0.96971843
 -1.08419196 -1.16496499]"
454_1723092779-782559814.png,"[-0.08950981 -0.24475942 -0.40261008 -0.60149939 -0.80055086 -0.95953288
 -1.07393763 -1.15512674]"
455_1723092779-815905518.png,"[-0.07986213 -0.23217354 -0.40038041 -0.59896545 -0.79142509 -0.94552039
 -1.05818636 -1.13941275]"
456_1723092779-849250732.png,"[-0.08186559 -0.23165121 -0.3932159  -0.58855102 -0.78124621 -0.93715008
 -1.05161605 -1.13420988]"
457_1723092779-882596924.png,"[-0.08134106 -0.22907115 -0.38197548 -0.56946624 -0.76124183 -0.92088564
 -1.03962629 -1.12555063]"
458_1723092779-915942139.png,"[-0.07818888 -0.22233402 -0.37854813 -0.56517664 -0.75147593 -0.90635537
 -1.02295423 -1.10853724]"
459_1723092779-949288818.png,"[-0.0796087  -0.22558822 -0.37648861 -0.55762646 -0.7431106  -0.90039408
 -1.01976194 -1.10742545]"
460_1723092779-982634521.png,"[-0.07932932 -0.22149936 -0.36945194 -0.54775601 -0.73007934 -0.88564577
 -1.00489402 -1.09327303]"
461_1723092780-15981445.png,"[-0.07818257 -0.21956182 -0.36483199 -0.53810409 -0.71683051 -0.87181668
 -0.9922656  -1.08230554]"
462_1723092780-49327393.png,"[-0.07611948 -0.21088784 -0.35659074 -0.53300387 -0.7121462  -0.86540127
 -0.98403805 -1.07293497]"
463_1723092780-82674561.png,"[-0.07502979 -0.2078445  -0.34826368 -0.51658321 -0.68957179 -0.84105472
 -0.96089773 -1.0520718 ]"
464_1723092780-116020996.png,"[-0.0785158  -0.21108543 -0.34036808 -0.49990541 -0.6713025  -0.82658705
 -0.95143863 -1.04672961]"
465_1723092780-149368408.png,"[-0.07841398 -0.20812808 -0.33313936 -0.48936806 -0.65900605 -0.81432646
 -0.94025435 -1.03687986]"
466_1723092780-182715332.png,"[-0.07754402 -0.20516511 -0.32736608 -0.48033493 -0.64756333 -0.80227687
 -0.92892917 -1.02676669]"
467_1723092780-216063232.png,"[-0.0759671  -0.2032027  -0.3228134  -0.47183184 -0.63784871 -0.79446666
 -0.92407393 -1.02447643]"
468_1723092780-249410156.png,"[-0.0759396  -0.19798977 -0.31682515 -0.46696146 -0.6302604  -0.7816126
 -0.9066945  -1.00446948]"
469_1723092780-282758301.png,"[-0.07239559 -0.19238631 -0.31166626 -0.45956807 -0.61986883 -0.76942437
 -0.89425886 -0.9927049 ]"
470_1723092780-316105713.png,"[-0.07382228 -0.1929658  -0.30630709 -0.44882915 -0.60666944 -0.75691949
 -0.88400767 -0.98486177]"
471_1723092780-349454346.png,"[-0.06981429 -0.18634384 -0.29842792 -0.43782369 -0.59395024 -0.74507212
 -0.87451897 -0.97789362]"
472_1723092780-382802002.png,"[-0.0581461  -0.16868957 -0.28584473 -0.42505448 -0.57933596 -0.72983301
 -0.86035434 -0.96563003]"
473_1723092780-416150879.png,"[-0.05579533 -0.16533426 -0.27905462 -0.41260822 -0.56413366 -0.71638905
 -0.85110021 -0.96059955]"
474_1723092780-449499023.png,"[-0.05160662 -0.15345887 -0.26830538 -0.40462317 -0.55489443 -0.70207552
 -0.83133225 -0.93715395]"
475_1723092780-482848145.png,"[-0.07143111 -0.16893774 -0.26180896 -0.39458683 -0.54624193 -0.6922501
 -0.81742557 -0.91844043]"
476_1723092780-516196777.png,"[-0.07138273 -0.16907638 -0.25779121 -0.38424235 -0.53146215 -0.67678481
 -0.803991   -0.90798929]"
477_1723092780-549546143.png,"[-0.07071934 -0.16517968 -0.25196829 -0.37737843 -0.5224534  -0.66464678
 -0.78886432 -0.89068794]"
478_1723092780-582895020.png,"[-0.06805177 -0.16152918 -0.24766114 -0.36971146 -0.51156309 -0.65251428
 -0.77741904 -0.88091122]"
479_1723092780-616244873.png,"[-0.06708854 -0.15693093 -0.23721357 -0.35438226 -0.49404824 -0.63583808
 -0.76337904 -0.86990583]"
480_1723092780-649593994.png,"[-0.06311616 -0.15226988 -0.23494796 -0.35014749 -0.48541155 -0.6229723
 -0.74801005 -0.85377475]"
481_1723092780-682944092.png,"[-0.06051846 -0.14674    -0.22823215 -0.34183386 -0.47565339 -0.61247561
 -0.73757819 -0.84393302]"
482_1723092780-716295898.png,"[-0.0606244  -0.14273728 -0.21863591 -0.32883003 -0.46053274 -0.59609532
 -0.7205919  -0.82681582]"
483_1723092780-749663330.png,"[-0.05936642 -0.1446875  -0.22017103 -0.32423463 -0.45032687 -0.5847501
 -0.71252684 -0.82413831]"
484_1723092780-783049805.png,"[-0.05782156 -0.1374746  -0.21158619 -0.31746786 -0.44384147 -0.57503136
 -0.69719124 -0.80293934]"
485_1723092780-816437256.png,"[-0.05552316 -0.13395425 -0.20507031 -0.30443658 -0.42437466 -0.55211662
 -0.67448203 -0.78291019]"
486_1723092780-849823975.png,"[-0.05362803 -0.13174412 -0.20155714 -0.29771005 -0.41605163 -0.54564648
 -0.67266236 -0.78662767]"
487_1723092780-883211914.png,"[-0.05286769 -0.12644158 -0.19338215 -0.28920543 -0.40687234 -0.53405364
 -0.65736244 -0.76756584]"
488_1723092780-916598877.png,"[-0.04886102 -0.12095215 -0.18853696 -0.28085087 -0.3929096  -0.51491356
 -0.63523306 -0.74486834]"
489_1723092780-949987305.png,"[-0.04883528 -0.11966572 -0.18252801 -0.27082412 -0.38276004 -0.50962404
 -0.63807969 -0.75623566]"
490_1723092780-983374512.png,"[-0.0481933  -0.11671583 -0.17673737 -0.26196075 -0.37024906 -0.49337764
 -0.61894408 -0.73561105]"
491_1723092781-16763184.png,"[-0.0475857  -0.11309809 -0.16938288 -0.25179537 -0.35805071 -0.47999518
 -0.60527724 -0.72238828]"
492_1723092781-50150879.png,"[-0.04656896 -0.10905818 -0.16229636 -0.2425417  -0.34737413 -0.46864201
 -0.59395876 -0.71162603]"
493_1723092781-83539795.png,"[-0.04491432 -0.10527655 -0.15697001 -0.23464416 -0.33598186 -0.45355768
 -0.57599055 -0.69216471]"
494_1723092781-116927734.png,"[-0.04373218 -0.10164934 -0.15227079 -0.22905042 -0.32831161 -0.44218284
 -0.55996841 -0.6717502 ]"
495_1723092781-150316895.png,"[-0.04336898 -0.09989078 -0.14609841 -0.21828436 -0.31559739 -0.4319096
 -0.5561073  -0.67607058]"
496_1723092781-183705322.png,"[-0.04174771 -0.09632536 -0.1411002  -0.2103342  -0.30303585 -0.41380642
 -0.5329596  -0.64959082]"
497_1723092781-217094971.png,"[-0.0409339  -0.0910078  -0.13165941 -0.19966027 -0.29288447 -0.40482455
 -0.52492732 -0.64191827]"
498_1723092781-250483643.png,"[-0.03918809 -0.0871952  -0.12668479 -0.19313946 -0.28483468 -0.39575174
 -0.51567497 -0.63329538]"
499_1723092781-283873535.png,"[-0.03820736 -0.08327805 -0.12071409 -0.18613488 -0.27664232 -0.38550963
 -0.50256067 -0.61711851]"
500_1723092781-317262451.png,"[-0.03849655 -0.08217641 -0.11492439 -0.17561431 -0.26317137 -0.37230745
 -0.49304195 -0.61342746]"
501_1723092781-350652832.png,"[-0.03662546 -0.07688387 -0.11001446 -0.17190851 -0.25806547 -0.36105292
 -0.47117442 -0.57896575]"
502_1723092781-384042236.png,"[-0.03669876 -0.07778355 -0.10732264 -0.16329017 -0.24545676 -0.3498485
 -0.46782885 -0.58799663]"
503_1723092781-417432617.png,"[-0.03449652 -0.07264631 -0.100934   -0.15534625 -0.23522853 -0.33660094
 -0.45135377 -0.56886237]"
504_1723092781-450822266.png,"[-0.03310845 -0.06988378 -0.09681054 -0.149013   -0.22685083 -0.3273515
 -0.44300613 -0.56299317]"
505_1723092781-484213135.png,"[-0.03264095 -0.06745341 -0.09181118 -0.14158097 -0.21686633 -0.314732
 -0.42803502 -0.54641991]"
506_1723092781-517603271.png,"[-0.03167079 -0.06689637 -0.08895133 -0.13332929 -0.20363351 -0.3002511
 -0.41795781 -0.54556569]"
507_1723092781-550994385.png,"[-0.03252688 -0.06569185 -0.08544739 -0.1294133  -0.19867805 -0.29164485
 -0.40251057 -0.52148145]"
508_1723092781-584384766.png,"[-0.03131281 -0.06421281 -0.08264402 -0.12326211 -0.18931615 -0.28131519
 -0.39481341 -0.51971031]"
509_1723092781-617776367.png,"[-0.03083913 -0.06452606 -0.08078335 -0.1162144  -0.1771351  -0.26712859
 -0.3838968  -0.51699264]"
510_1723092781-651166992.png,"[-0.02940927 -0.06211101 -0.07788234 -0.11154775 -0.16993372 -0.25734905
 -0.37243493 -0.50548086]"
511_1723092781-684558838.png,"[-0.02916471 -0.06108983 -0.07668798 -0.10980759 -0.16577782 -0.24786723
 -0.35489682 -0.47914112]"
512_1723092781-717949951.png,"[-0.02752489 -0.05899544 -0.07316609 -0.10248507 -0.15479887 -0.23590004
 -0.34648549 -0.47869367]"
513_1723092781-751310547.png,"[-0.02776017 -0.05870789 -0.07329459 -0.10315078 -0.15375531 -0.22897005
 -0.32898817 -0.44807782]"
514_1723092781-784612793.png,"[-0.0256346  -0.05586194 -0.06987672 -0.09693499 -0.144613   -0.21888523
 -0.32163016 -0.44733138]"
515_1723092781-817915527.png,"[-0.02428977 -0.05111281 -0.06661042 -0.09760699 -0.14696969 -0.21639505
 -0.30522952 -0.40930822]"
516_1723092781-851216797.png,"[-0.02319966 -0.05059358 -0.06520665 -0.09227052 -0.13695224 -0.20331008
 -0.29278948 -0.40221291]"
517_1723092781-884518799.png,"[-0.02265897 -0.04861752 -0.06191794 -0.08815558 -0.13241857 -0.19870986
 -0.28843595 -0.39836575]"
518_1723092781-917819336.png,"[-0.0219572  -0.04816632 -0.06162903 -0.08605824 -0.12673959 -0.18806769
 -0.27224219 -0.37731504]"
519_1723092781-951120361.png,"[-0.02449958 -0.04902352 -0.05946781 -0.08413447 -0.12470385 -0.18219576
 -0.25631196 -0.34469223]"
520_1723092781-984420166.png,"[-0.02058438 -0.04371835 -0.05759384 -0.08351495 -0.122943   -0.17681306
 -0.24505466 -0.32604284]"
521_1723092782-17720459.png,"[-0.01943244 -0.04201705 -0.05557377 -0.08010935 -0.11795042 -0.17090122
 -0.23967766 -0.32315357]"
522_1723092782-51019531.png,"[-0.01985405 -0.04046638 -0.05313301 -0.07897056 -0.11755643 -0.16808791
 -0.22917325 -0.29869421]"
523_1723092782-84319092.png,"[-0.01706049 -0.03955941 -0.05418943 -0.07684612 -0.11127845 -0.16077263
 -0.22753266 -0.31167664]"
524_1723092782-117617188.png,"[-0.01654017 -0.03760539 -0.05180262 -0.07463511 -0.10868704 -0.15615783
 -0.21841659 -0.29533422]"
525_1723092782-150916016.png,"[-0.01660373 -0.03806529 -0.05186672 -0.0732055  -0.10488356 -0.14937278
 -0.20841265 -0.28236543]"
526_1723092782-184213379.png,"[-0.01796908 -0.03848453 -0.04745152 -0.06477182 -0.09444514 -0.14010199
 -0.2044111  -0.2880022 ]"
527_1723092782-217511475.png,"[-0.01731492 -0.03623752 -0.04578395 -0.06477515 -0.09515496 -0.13857706
 -0.19606231 -0.26747845]"
528_1723092782-250808105.png,"[-0.01674274 -0.03268068 -0.0402974  -0.05948103 -0.09067359 -0.13405857
 -0.18932772 -0.25540459]"
529_1723092782-284105225.png,"[-0.01728433 -0.03451547 -0.04107713 -0.05749566 -0.08574149 -0.12752659
 -0.18396736 -0.25504574]"
530_1723092782-317401123.png,"[-0.01729215 -0.03514428 -0.04049012 -0.0540653  -0.07930527 -0.11939869
 -0.17686429 -0.25273412]"
531_1723092782-350697510.png,"[-0.0168321  -0.03610987 -0.04116999 -0.05172539 -0.07359735 -0.11236378
 -0.17279156 -0.25749024]"
532_1723092782-383992676.png,"[-0.01701404 -0.03532669 -0.03876662 -0.04796128 -0.06813446 -0.10431329
 -0.16086719 -0.24040368]"
533_1723092782-417288330.png,"[-0.01601006 -0.03546857 -0.03838108 -0.04399524 -0.06059029 -0.09625433
 -0.15824089 -0.25106467]"
534_1723092782-450582520.png,"[-0.01229189 -0.03256848 -0.03917015 -0.04435977 -0.05901312 -0.09381884
 -0.15852526 -0.2593993 ]"
535_1723092782-483877441.png,"[-0.01044495 -0.02962863 -0.03730017 -0.04239832 -0.05509827 -0.08544058
 -0.14279186 -0.23394691]"
536_1723092782-517170898.png,"[-0.00937565 -0.02523248 -0.03373388 -0.04217749 -0.05641945 -0.0822278
 -0.12505396 -0.18937123]"
537_1723092782-550465088.png,"[-0.01102075 -0.02495647 -0.03058094 -0.0389529  -0.0533809  -0.0771126
 -0.11321142 -0.16425794]"
538_1723092782-583757568.png,"[-0.00797972 -0.02061414 -0.02770484 -0.03574658 -0.04873873 -0.07063001
 -0.10520381 -0.1557689 ]"
539_1723092782-617051025.png,"[-0.00867273 -0.02106038 -0.02717454 -0.03434902 -0.04550617 -0.06353815
 -0.0912471  -0.1311925 ]"
540_1723092782-650343018.png,"[-0.00645915 -0.01747616 -0.02488165 -0.03277348 -0.04396313 -0.06123594
 -0.08730177 -0.12466969]"
541_1723092782-683635498.png,"[-0.00148322 -0.01157305 -0.02113679 -0.02699025 -0.03519965 -0.05180361
 -0.08272434 -0.13343134]"
542_1723092782-716926514.png,"[ 0.00173582  0.00320216 -0.00431135 -0.01780506 -0.03461464 -0.05207272
 -0.06753174 -0.07838269]"
543_1723092782-750223145.png,"[-6.30666486e-05  3.85477477e-03  3.06699781e-03 -6.32409484e-03
 -2.22063526e-02 -4.24500630e-02 -6.49102708e-02 -8.74511222e-02]"
544_1723092782-783525391.png,"[-0.00113727  0.00285915  0.00378012 -0.00394046 -0.01743982 -0.03384606
 -0.05028714 -0.06391376]"
545_1723092782-816828125.png,"[-0.0010178  -0.00040091  0.00233106  0.00150344 -0.00612226 -0.02377787
 -0.05463492 -0.10160271]"
546_1723092782-850129639.png,"[-0.00377167  0.00486121  0.01300017  0.00678245 -0.0075212  -0.02363034
 -0.03527018 -0.03619675]"
547_1723092782-883431641.png,"[-0.00399107  0.00513061  0.01609679  0.01294785  0.00033871 -0.01707111
 -0.03460878 -0.04762048]"
548_1723092782-916732178.png,"[-0.00260782  0.00158613  0.01373701  0.02052961  0.01795513  0.00199449
 -0.03135877 -0.08583105]"
549_1723092782-950033447.png,"[-0.00104608  0.01097806  0.02102823  0.01784943  0.00817953 -0.00124051
 -0.00366319  0.0076571 ]"
550_1723092782-983333252.png,"[-0.00115015  0.0040754   0.0194695   0.03155157  0.03314531  0.01706584
 -0.02391453 -0.09653466]"
551_1723092783-16633789.png,"[-0.00066408  0.00895782  0.02283777  0.02868182  0.026486    0.01623243
 -0.00210381 -0.02852275]"
552_1723092783-49932861.png,"[-0.00073038  0.00887529  0.02278943  0.02866979  0.02660276  0.01666111
 -0.00108946 -0.02656116]"
553_1723092783-83232422.png,"[-0.00151887  0.01097135  0.0240206   0.02534487  0.02185938  0.0204738
  0.02809887  0.05160334]"
554_1723092783-116530762.png,"[-0.00395125  0.00073761  0.01490939  0.02489673  0.03020406  0.03033732
  0.02479655  0.01307389]"
555_1723092783-149829590.png,"[-0.00302622  0.00122582  0.01275062  0.02145161  0.02823644  0.03401222
  0.03968424  0.04615511]"
556_1723092783-183127197.png,"[-0.00179178  0.00232053  0.01145187  0.01885072  0.02616116  0.03502372
  0.04707039  0.06391187]"
557_1723092783-216425293.png,"[-0.00214291  0.00203592  0.01123442  0.01859175  0.02665444  0.03796186
  0.05503186  0.08031933]"
558_1723092783-249721924.png,"[-2.33351424e-03 -8.16895285e-05  1.09026596e-02  2.27259515e-02
  3.39031979e-02  4.29562939e-02  4.84163468e-02  4.88184676e-02]"
559_1723092783-283019287.png,"[-2.30548406e-03 -2.78453517e-05  1.16025624e-02  2.45944212e-02
  3.71754401e-02  4.75824258e-02  5.40657256e-02  5.48827409e-02]"
560_1723092783-316315186.png,"[-0.00256671  0.00026131  0.01242291  0.02558474  0.0390277   0.05203535
  0.06389793  0.07391489]"
561_1723092783-349611572.png,"[-0.00290729 -0.00192119  0.01221518  0.02995077  0.04681887  0.05838838
  0.06026948  0.04804882]"
562_1723092783-382906738.png,"[-0.00286137 -0.00071541  0.01352122  0.03024747  0.04660015  0.05973813
  0.06685343  0.06514965]"
563_1723092783-416202637.png,"[-0.00109568  0.00713931  0.02045673  0.03071026  0.04161551  0.05686641
  0.08009627  0.11476452]"
564_1723092783-449496826.png,"[0.00151846 0.00776618 0.01946878 0.0333081  0.04866162 0.06490471
 0.08141525 0.09757943]"
565_1723092783-482791748.png,"[0.00109025 0.00979486 0.02327992 0.03613836 0.04999335 0.06645167
 0.08708469 0.113391  ]"
566_1723092783-516085449.png,"[0.00107439 0.00998306 0.02317364 0.03535212 0.04869142 0.06534414
 0.08741574 0.1169054 ]"
567_1723092783-549379639.png,"[0.00126474 0.010062   0.02301729 0.03524605 0.04874748 0.06550117
 0.08744192 0.11640557]"
568_1723092783-582672363.png,"[0.00112421 0.00924855 0.02246202 0.0356991  0.05003012 0.06651251
 0.08617811 0.11001117]"
569_1723092783-615965820.png,"[0.00115487 0.00956597 0.02254938 0.03518762 0.04912959 0.0660066
 0.08741118 0.11485516]"
570_1723092783-649257813.png,"[0.00072733 0.00986659 0.02362622 0.03584045 0.04887177 0.06506253
 0.08670818 0.11599612]"
571_1723092783-682550293.png,"[0.00114581 0.0098996  0.02350151 0.03648559 0.05031252 0.06642841
 0.08624879 0.11112817]"
572_1723092783-715841553.png,"[0.00129757 0.00942378 0.02265288 0.03607446 0.05046901 0.06660688
 0.08523938 0.10708485]"
573_1723092783-749153809.png,"[0.00104875 0.00944148 0.02295849 0.03620172 0.05042327 0.06686141
 0.08672605 0.11117266]"
574_1723092783-782499756.png,"[0.00062423 0.00892706 0.02297336 0.03661012 0.05112542 0.06779314
 0.08785803 0.11250869]"
575_1723092783-815846680.png,"[0.00134159 0.00994823 0.02314214 0.03602425 0.05002417 0.06655596
 0.08700103 0.11267562]"
576_1723092783-849192871.png,"[0.00091616 0.00946186 0.02332233 0.03664406 0.05068902 0.06670629
 0.08591889 0.10949975]"
577_1723092783-882540283.png,"[0.00095531 0.00976503 0.02338282 0.03612827 0.04981466 0.06623769
 0.08715463 0.11424121]"
578_1723092783-915886963.png,"[0.00094    0.00964986 0.02307791 0.03571328 0.04948443 0.06630082
 0.08802868 0.11644098]"
579_1723092783-949234619.png,"[0.00045289 0.00913288 0.02346038 0.0366614  0.05031603 0.06599047
 0.08522156 0.10948671]"
580_1723092783-982581543.png,"[0.00108789 0.00974464 0.02301892 0.03568582 0.04954881 0.06639279
 0.08796158 0.11591138]"
581_1723092784-15929688.png,"[0.00095531 0.00976503 0.02338282 0.03612827 0.04981466 0.06623769
 0.08715463 0.11424121]"
582_1723092784-49276855.png,"[0.00095947 0.00981962 0.02364696 0.0365797  0.05025099 0.0662786
 0.08624738 0.1116748 ]"
583_1723092784-82625244.png,"[0.00049702 0.00921185 0.02339304 0.03648361 0.05027273 0.06653302
 0.08700085 0.11333669]"
584_1723092784-115972900.png,"[0.00410857 0.01209962 0.02190394 0.03418898 0.04898489 0.0663105
 0.08616853 0.10854   ]"
585_1723092784-149321777.png,"[0.00091616 0.00946186 0.02332233 0.03664406 0.05068902 0.06670629
 0.08591889 0.10949975]"
586_1723092784-182669678.png,"[0.00104875 0.00944148 0.02295849 0.03620172 0.05042327 0.06686141
 0.08672605 0.11117266]"
587_1723092784-216019043.png,"[0.00062962 0.00919148 0.02302918 0.03604118 0.05000691 0.06668814
 0.08780785 0.11500743]"
588_1723092784-249367188.png,"[0.00113434 0.00987282 0.02320987 0.03595977 0.04995857 0.06702299
 0.08892666 0.11735126]"
589_1723092784-282716797.png,"[0.00099665 0.00904478 0.02269808 0.03647949 0.05112686 0.06736842
 0.08591444 0.10744455]"
590_1723092784-316065430.png,"[0.00095531 0.00976503 0.02338282 0.03612827 0.04981466 0.06623769
 0.08715463 0.11424121]"
591_1723092784-349415527.png,"[0.0004579  0.00890869 0.02333257 0.03699938 0.05114707 0.06700168
 0.08576521 0.10859396]"
592_1723092784-382764404.png,"[0.00091616 0.00946186 0.02332233 0.03664406 0.05068902 0.06670629
 0.08591889 0.10949975]"
593_1723092784-416114746.png,"[0.00084679 0.00888603 0.02278567 0.03665771 0.05111565 0.06676557
 0.08420022 0.10399021]"
594_1723092784-449464111.png,"[0.00088428 0.01020067 0.02400921 0.03627364 0.04934631 0.06555931
 0.08719768 0.11643857]"
595_1723092784-482814697.png,"[0.00095531 0.00976503 0.02338282 0.03612827 0.04981466 0.06623769
 0.08715463 0.11424121]"
596_1723092784-516164551.png,"[0.00109025 0.00979486 0.02327992 0.03613836 0.04999335 0.06645167
 0.08708469 0.113391  ]"
597_1723092784-549515381.png,"[0.00054753 0.00935043 0.02359413 0.03676136 0.0506737  0.06713543
 0.08791284 0.11469263]"
598_1723092784-582865479.png,"[0.00091616 0.00946186 0.02332233 0.03664406 0.05068902 0.06670629
 0.08591889 0.10949975]"
599_1723092784-616216797.png,"[0.00113434 0.00987282 0.02320987 0.03595977 0.04995857 0.06702299
 0.08892666 0.11735126]"
600_1723092784-649567383.png,"[0.00095531 0.00976503 0.02338282 0.03612827 0.04981466 0.06623769
 0.08715463 0.11424121]"
