Image Filename,Coefficients
1.png,[ 0.09581547 -0.14355141  0.07753487 -0.01017689]
2.png,[ 0.09581547 -0.14355141  0.07753487 -0.01017689]
3.png,[ 0.11681741 -0.22261628  0.14791365 -0.02419316]
4.png,[ 0.12538873 -0.23822822  0.15592812 -0.0250608 ]
5.png,[ 0.09581547 -0.14355141  0.07753487 -0.01017689]
6.png,[ 0.11681741 -0.22261628  0.14791365 -0.02419316]
7.png,[ 0.11681741 -0.22261628  0.14791365 -0.02419316]
8.png,[ 0.09581547 -0.14355141  0.07753487 -0.01017689]
9.png,[ 0.10438687 -0.1591635   0.08554943 -0.01104455]
10.png,[ 0.09581547 -0.14355141  0.07753487 -0.01017689]
11.png,[ 0.09581547 -0.14355141  0.07753487 -0.01017689]
12.png,[ 0.09581547 -0.14355141  0.07753487 -0.01017689]
13.png,[ 0.12538873 -0.23822822  0.15592812 -0.0250608 ]
14.png,[ 0.10438687 -0.1591635   0.08554943 -0.01104455]
15.png,[ 0.09581547 -0.14355141  0.07753487 -0.01017689]
16.png,[ 0.11681741 -0.22261628  0.14791365 -0.02419316]
17.png,[ 0.11681741 -0.22261628  0.14791365 -0.02419316]
18.png,[ 0.12538873 -0.23822822  0.15592812 -0.0250608 ]
19.png,[ 0.10438687 -0.1591635   0.08554943 -0.01104455]
20.png,[ 0.11681741 -0.22261628  0.14791365 -0.02419316]
21.png,[ 0.10438687 -0.1591635   0.08554943 -0.01104455]
22.png,[ 0.10438687 -0.1591635   0.08554943 -0.01104455]
23.png,[ 0.11681741 -0.22261628  0.14791365 -0.02419316]
24.png,[ 0.11681741 -0.22261628  0.14791365 -0.02419316]
25.png,[ 0.10438687 -0.1591635   0.08554943 -0.01104455]
26.png,[ 0.09581547 -0.14355141  0.07753487 -0.01017689]
27.png,[ 0.12538873 -0.23822822  0.15592812 -0.0250608 ]
28.png,[ 0.09581547 -0.14355141  0.07753487 -0.01017689]
29.png,[ 0.09581547 -0.14355141  0.07753487 -0.01017689]
30.png,[ 0.09581547 -0.14355141  0.07753487 -0.01017689]
31.png,[ 0.09581547 -0.14355141  0.07753487 -0.01017689]
32.png,[ 0.09581547 -0.14355141  0.07753487 -0.01017689]
33.png,[ 0.12538873 -0.23822822  0.15592812 -0.0250608 ]
34.png,[ 0.12538873 -0.23822822  0.15592812 -0.0250608 ]
35.png,[ 0.09581547 -0.14355141  0.07753487 -0.01017689]
36.png,[ 0.09581547 -0.14355141  0.07753487 -0.01017689]
37.png,[ 0.09581547 -0.14355141  0.07753487 -0.01017689]
38.png,[ 0.10438687 -0.1591635   0.08554943 -0.01104455]
39.png,[ 0.11681741 -0.22261628  0.14791365 -0.02419316]
40.png,[ 0.11681741 -0.22261628  0.14791365 -0.02419316]
41.png,[ 0.10438687 -0.1591635   0.08554943 -0.01104455]
42.png,[ 0.10438687 -0.1591635   0.08554943 -0.01104455]
43.png,[ 0.07361068 -0.10922802  0.06106706 -0.00762894]
44.png,[ 0.16487043 -0.32413736  0.22042111 -0.05111265]
45.png,[ 0.16090538 -0.31499405  0.21469927 -0.05078658]
46.png,[ 0.11840041 -0.27312397  0.20547426 -0.05028945]
47.png,[ 0.08542953 -0.17034245  0.12178553 -0.03476613]
48.png,[ 0.06244757 -0.13204299  0.10263769 -0.03203099]
49.png,[ 0.21032188 -0.41295181  0.24893569 -0.05218984]
50.png,[ 0.17739148 -0.34732262  0.20111349 -0.04563467]
51.png,[ 0.12203969 -0.27645326  0.17385945 -0.04317505]
52.png,[ 0.18177851 -0.34848247  0.19613326 -0.05167118]
53.png,[ 0.08742025 -0.15663957  0.06129715 -0.0296944 ]
54.png,[ 0.34856693 -0.67977922  0.37537438 -0.08795199]
55.png,[ 0.27158003 -0.53236168  0.28089359 -0.07176457]
56.png,[ 0.39245313 -0.75256509  0.39548747 -0.0891082 ]
57.png,[ 0.14184093 -0.32001232  0.1826249  -0.06849217]
58.png,[ 0.24422406 -0.47596561  0.23746513 -0.0741245 ]
59.png,[ 0.19702527 -0.42112072  0.2188512  -0.07250587]
60.png,[ 0.2567481  -0.53087466  0.26976385 -0.07879247]
61.png,[ 0.23169412 -0.5124138   0.26783291 -0.07922197]
62.png,[ 0.12989708 -0.28469604  0.11034965 -0.05460756]
63.png,[ 0.12261294 -0.28319504  0.1114026  -0.05497291]
64.png,[ 0.11240013 -0.26026588  0.09737072 -0.05925192]
65.png,[ 0.29065949 -0.63968556  0.35034657 -0.11353059]
66.png,[ 0.29321608 -0.6593168   0.36243812 -0.11553494]
67.png,[ 0.1435942  -0.35366825  0.16979649 -0.08560831]
68.png,[ 0.23602577 -0.51980719  0.24971027 -0.09598433]
69.png,[ 0.22328575 -0.51644689  0.25113176 -0.09633718]
70.png,[ 0.32261111 -0.67541732  0.31816576 -0.1060733 ]
71.png,[ 0.07596488 -0.23330588  0.08738384 -0.08095164]
72.png,[ 0.11996079 -0.31836382  0.12851864 -0.0861989 ]
73.png,[ 0.15288576 -0.36872619  0.14047272 -0.08698064]
74.png,[ 0.06383967 -0.20737752  0.04628075 -0.07364877]
75.png,[ 0.11070611 -0.28924877  0.0785692  -0.07666927]
76.png,[ 0.21572859 -0.53505228  0.25501499 -0.11948726]
77.png,[ 0.29010522 -0.67546115  0.32299485 -0.12868149]
78.png,[ 0.19514131 -0.48653047  0.206856   -0.11164693]
79.png,[ 0.20665221 -0.50729768  0.20359607 -0.10936116]
80.png,[ 0.19833473 -0.51067431  0.21399876 -0.1178872 ]
81.png,[ 0.1381677  -0.37970331  0.1189476  -0.10282673]
82.png,[ 0.21487786 -0.51457883  0.17703475 -0.11082804]
83.png,[ 0.25612634 -0.58693219  0.2070512  -0.1149151 ]
84.png,[ 0.06301243 -0.25046989  0.03257507 -0.09650458]
85.png,[ 0.15412824 -0.41800667  0.11064348 -0.10614961]
86.png,[ 0.17837569 -0.4575912   0.11852987 -0.10608623]
87.png,[ 0.21482065 -0.517471    0.14142573 -0.10848215]
88.png,[ 0.23640594 -0.56684307  0.16370551 -0.1111362 ]
89.png,[ 0.19078197 -0.46842529  0.09171569 -0.09890676]
90.png,[ 0.2127576  -0.52655257  0.13203678 -0.10800478]
91.png,[ 0.19832987 -0.50815798  0.11831573 -0.10444835]
92.png,[ 0.26775997 -0.62988598  0.17658815 -0.11287919]
93.png,[ 0.1658492  -0.47407747  0.11185145 -0.11207962]
94.png,[ 0.0934672  -0.33381181  0.02302907 -0.09833138]
95.png,[ 0.08238913 -0.29665244 -0.01549782 -0.09042266]
96.png,[ 0.24603253 -0.6532614   0.21889988 -0.1402633 ]
97.png,[ 0.24424964 -0.64988145  0.21368567 -0.14028596]
98.png,[ 0.30110125 -0.75754269  0.26406704 -0.14719266]
99.png,[ 0.21883908 -0.60362287  0.170492   -0.13351928]
100.png,[ 0.19636106 -0.56415621  0.14364532 -0.13334704]
101.png,[ 0.21781084 -0.61180399  0.16683773 -0.1366714 ]
102.png,[ 0.24730305 -0.66349757  0.18368053 -0.1388757 ]
103.png,[ 0.23663439 -0.63637902  0.15139676 -0.13354741]
104.png,[ 0.12095757 -0.42423478  0.0322039  -0.11537003]
105.png,[ 0.33323098 -0.87500197  0.32371288 -0.17471112]
106.png,[ 0.2800044  -0.75839333  0.24011718 -0.16377883]
107.png,[ 0.27706639 -0.75973642  0.23984288 -0.16524198]
108.png,[ 0.37818448 -0.99244431  0.40351421 -0.20592144]
109.png,[ 0.35919253 -0.9516295   0.365035   -0.19988132]
110.png,[ 0.25757015 -0.77365942  0.26583714 -0.18764676]
111.png,[ 0.14895826 -0.59432055  0.17487438 -0.17824352]
112.png,[ 0.20053433 -0.69251231  0.22489545 -0.18541928]
113.png,[ 0.25960797 -0.77249452  0.23771292 -0.18424399]
114.png,[ 0.22054892 -0.72422048  0.21899479 -0.1831967 ]
115.png,[ 0.07931083 -0.39682173 -0.06208399 -0.09485562]
116.png,[ 0.04933566 -0.329957   -0.11515278 -0.08466214]
117.png,[-0.05465135 -0.16489868 -0.19227359 -0.08101009]
118.png,[-0.05739903 -0.18156348 -0.17667295 -0.0838886 ]
119.png,[-0.07975338 -0.11995158 -0.2290989  -0.07422153]
120.png,[-0.03993529 -0.25390801 -0.11730531 -0.10538981]
121.png,[ 0.01389557 -0.36051748 -0.06865335 -0.11179623]
122.png,[ 0.12777984 -0.62740015  0.12718075 -0.16113192]
123.png,[-0.12223266 -0.13123825 -0.1927109  -0.09780595]
124.png,[ 0.9658578  -2.05970547  0.7702411  -0.2491015 ]
125.png,[ 0.20248311 -0.79155595  0.19810494 -0.17008766]
126.png,[ 0.09038088 -0.58824173  0.08177237 -0.15359893]
127.png,[ 0.17033611 -0.75645146  0.16710675 -0.16489311]
128.png,[ 0.06183879 -0.55857561  0.05900545 -0.152443  ]
129.png,[ 0.08232502 -0.62024823  0.08474472 -0.15523122]
130.png,[-0.01847672 -0.45329026  0.00102633 -0.14464668]
131.png,[-0.00851876 -0.47208893  0.00878913 -0.14388591]
132.png,[-0.02726663 -0.44080448 -0.02542831 -0.1364842 ]
133.png,[ 0.01596477 -0.55466009  0.03379363 -0.14460976]
134.png,[-0.13037333 -0.27725856 -0.12712817 -0.12242823]
135.png,[-0.09828942 -0.35858258 -0.08079342 -0.12839596]
136.png,[-0.04283621 -0.47180886 -0.02042945 -0.13624568]
137.png,[-0.01794511 -0.5424814   0.01082793 -0.14129853]
138.png,[-0.17558778 -0.28174811 -0.10542072 -0.13305325]
139.png,[-0.06669386 -0.50539408  0.02164647 -0.15312787]
140.png,[-0.16676947 -0.33765948 -0.0794755  -0.13774945]
141.png,[-0.22616058 -0.27215689 -0.08685666 -0.14303501]
142.png,[-0.15204041 -0.40812887 -0.02004818 -0.15234202]
143.png,[-0.24851774 -0.25047926 -0.11719113 -0.13688437]
144.png,[-0.30268725 -0.21601567 -0.11271894 -0.14090834]
145.png,[-0.28468869 -0.26246876 -0.08730285 -0.14494071]
146.png,[-0.29209193 -0.27753065 -0.06219985 -0.15100475]
147.png,[-0.4923722   0.07218819 -0.24567031 -0.12517372]
148.png,[-0.42639416 -0.09393309 -0.14852974 -0.14278804]
149.png,[-0.50627691  0.03306403 -0.20990755 -0.13345614]
150.png,[-0.62240588  0.20978412 -0.29083405 -0.12277196]
151.png,[-0.57170374  0.04441214 -0.15928853 -0.1611002 ]
152.png,[-0.60687039  0.07628373 -0.1560031  -0.16634161]
153.png,[-0.76210507  0.36469389 -0.32119376 -0.14381741]
154.png,[-0.66993157  0.15302166 -0.20128805 -0.1637761 ]
155.png,[-0.82616953  0.43162581 -0.35743399 -0.14097402]
156.png,[-0.54317744 -0.11686029 -0.01206351 -0.2076182 ]
157.png,[-0.8876976   0.54915521 -0.42802256 -0.12935258]
158.png,[-1.05511638  0.84818981 -0.5984291  -0.10599501]
159.png,[-0.98929037  0.710012   -0.52375516 -0.11767877]
160.png,[-1.06392365  0.86140045 -0.60175245 -0.10635136]
161.png,[-0.91706789  0.55318378 -0.40681589 -0.14921372]
162.png,[-0.85864811  0.3465473  -0.22936776 -0.19445731]
163.png,[-0.93960584  0.54085562 -0.35463952 -0.17271565]
164.png,[-0.96970618  0.55873434 -0.35009863 -0.1784179 ]
165.png,[-1.31976753  1.25731513 -0.7939744  -0.09599004]
166.png,[-1.08374105  0.77419646 -0.47134936 -0.16171024]
167.png,[-1.39900967  1.40105868 -0.87724316 -0.08099927]
168.png,[-1.25387605  1.05030204 -0.6211417  -0.14278037]
169.png,[-1.29665418  1.17539603 -0.70169108 -0.13088985]
170.png,[-1.28411121  1.11573454 -0.65815409 -0.13716904]
171.png,[-1.35118374  1.25516498 -0.74506944 -0.12393929]
172.png,[-1.33001029  1.21683116 -0.72548127 -0.12671869]
173.png,[-1.4429745   1.40569164 -0.81729125 -0.11466252]
174.png,[-1.35238635  1.24990079 -0.74032502 -0.12478798]
175.png,[-1.29521945  1.13667037 -0.67393427 -0.13606994]
176.png,[-1.36971148  1.27259523 -0.7463865  -0.1254312 ]
177.png,[-1.33135988  1.20194271 -0.70997776 -0.13057108]
178.png,[-1.28345721  1.10984763 -0.65806638 -0.13877421]
179.png,[-1.34221334  1.25439845 -0.73722097 -0.1261472 ]
180.png,[-1.34221334  1.25439845 -0.73722097 -0.1261472 ]
181.png,[-1.34221334  1.25439845 -0.73722097 -0.1261472 ]
182.png,[-1.39759475  1.31808847 -0.7769927  -0.11891054]
183.png,[-1.28628836  1.15037775 -0.68110285 -0.13460892]
184.png,[-1.31325163  1.15339391 -0.68393238 -0.13137362]
185.png,[-1.1997836   0.99306315 -0.59910878 -0.1443557 ]
186.png,[-1.35836638  1.23837543 -0.73017298 -0.12691462]
187.png,[-1.24757476  1.03442632 -0.61989927 -0.14154527]
188.png,[-1.27436339  1.08685404 -0.64635056 -0.14014985]
189.png,[-1.26789006  1.07518939 -0.64266574 -0.14020475]
190.png,[-1.31996217  1.16923452 -0.69199542 -0.13297684]
191.png,[-1.29951982  1.12970595 -0.67197856 -0.13562881]
192.png,[-1.2583209   1.06823713 -0.64508589 -0.138537  ]
193.png,[-1.34039549  1.20278641 -0.70969086 -0.13020171]
194.png,[-1.31739311  1.16840154 -0.69615519 -0.13109238]
195.png,[-1.34275571  1.20246958 -0.70740564 -0.13083033]
196.png,[-1.3187209   1.15670145 -0.68191052 -0.13480794]
197.png,[-1.33165191  1.18896988 -0.70522243 -0.12992142]
198.png,[-1.3187209   1.15670145 -0.68191052 -0.13480794]
199.png,[-1.3187209   1.15670145 -0.68191052 -0.13480794]
200.png,[-1.33091611  1.18254207 -0.69824608 -0.1321265 ]
201.png,[-1.28654806  1.10879912 -0.66382976 -0.13647711]
202.png,[-1.29859047  1.12656746 -0.66909647 -0.1364665 ]
203.png,[-1.29457099  1.11818027 -0.6664981  -0.13638744]
204.png,[-1.3142497   1.15553455 -0.6861861  -0.13355308]
205.png,[-1.28566597  1.11453165 -0.67314532 -0.13360474]
206.png,[-1.33771666  1.1971215  -0.71001185 -0.12918606]
207.png,[-1.2936274   1.12381129 -0.67576444 -0.13352177]
208.png,[-1.28050859  1.10336841 -0.66729196 -0.13440223]
209.png,[-1.27817216  1.09157873 -0.65459345 -0.13780073]
210.png,[-1.28133146  1.09780943 -0.65935837 -0.13621127]
211.png,[-1.29382793  1.12308236 -0.67335955 -0.13495596]
212.png,[-1.33564648  1.19948936 -0.71436839 -0.12894582]
213.png,[-1.27817216  1.09157873 -0.65459345 -0.13780073]
214.png,[-1.3051759   1.14742395 -0.68894502 -0.13236063]
215.png,[-1.29844524  1.17679109 -0.70688338 -0.12871128]
216.png,[-1.31420918  1.20973585 -0.72856205 -0.12432261]
217.png,[-1.32446557  1.22734077 -0.73619664 -0.12415354]
218.png,[-1.27638679  1.09544721 -0.66168752 -0.1360891 ]
219.png,[-1.28393192  1.15361738 -0.69683588 -0.1298427 ]
220.png,[-1.28393192  1.15361738 -0.69683588 -0.1298427 ]
221.png,[-1.29633012  1.17584685 -0.70759012 -0.12904353]
222.png,[-1.29844524  1.17679109 -0.70688338 -0.12871128]
223.png,[-1.28256973  1.15753974 -0.70331318 -0.12843809]
224.png,[-1.29204702  1.12695424 -0.68045205 -0.13324508]
225.png,[-1.16807299  0.96590579 -0.59976173 -0.14225552]
226.png,[-1.3111949   1.22305454 -0.73945271 -0.12480715]
227.png,[-1.27244303  1.12235392 -0.67424584 -0.13449594]
228.png,[-1.18197281  0.98691824 -0.59763438 -0.1463504 ]
229.png,[-1.19171027  1.02523525 -0.63145117 -0.1358515 ]
230.png,[-0.82404804  0.35776803 -0.26274428 -0.18938464]
231.png,[-0.93287104  0.56332454 -0.37154108 -0.17190346]
232.png,[-1.00215575  0.81442011 -0.60233161 -0.10620609]
233.png,[-0.91851522  0.67197697 -0.51449484 -0.11832901]
234.png,[-0.75896685  0.42317    -0.36941478 -0.13977885]
235.png,[-0.87675115  0.68092517 -0.52349932 -0.11248311]
236.png,[-0.84358397  0.63516155 -0.50025085 -0.11442436]
237.png,[-0.72107303  0.4438186  -0.40318946 -0.12747375]
238.png,[-0.66159609  0.30795143 -0.29944425 -0.14655648]
239.png,[-0.65549549  0.39139753 -0.41562097 -0.10739124]
240.png,[-0.58990062  0.29909059 -0.36974733 -0.11293544]
241.png,[-0.54199509  0.23614927 -0.32263038 -0.12056994]
242.png,[-0.63339465  0.4425153  -0.44680956 -0.0994715 ]
243.png,[-0.45400241  0.10206622 -0.24691718 -0.12749424]
244.png,[-0.55224613  0.30545621 -0.35624806 -0.11181473]
245.png,[-0.31043937 -0.22588229  0.05785806 -0.22738913]
246.png,[-0.47014374  0.20955815 -0.30973144 -0.1140738 ]
247.png,[-0.2606147  -0.2444811   0.03654163 -0.21511028]
248.png,[-0.1639924  -0.3939792   0.11851731 -0.22417243]
249.png,[-0.0775174  -0.53923957  0.19826436 -0.23466104]
250.png,[-0.39779689  0.15630899 -0.26573065 -0.13692036]
251.png,[-0.41914908  0.19527312 -0.27836956 -0.13474335]
252.png,[-0.28765012 -0.0389273  -0.13744066 -0.15280562]
253.png,[-0.26048001 -0.06469591 -0.11971702 -0.15534166]
254.png,[-0.25935648 -0.06677535 -0.11643035 -0.1558018 ]
255.png,[-0.18791058 -0.16309094 -0.06784609 -0.16021205]
256.png,[-0.12660635 -0.2592067  -0.01749171 -0.16503541]
257.png,[-0.0729022  -0.36289713  0.05400521 -0.17744485]
258.png,[-0.09024205 -0.32492252  0.0337067  -0.17268496]
259.png,[-0.1354733  -0.19867858 -0.06070611 -0.1483955 ]
260.png,[-0.04997145 -0.33378135  0.01147919 -0.15531163]
261.png,[-0.02032544 -0.38206317  0.04302445 -0.15788321]
262.png,[ 0.03634328 -0.50134406  0.13377711 -0.17356261]
263.png,[-0.25162875  0.07450488 -0.21550851 -0.10337662]
264.png,[-0.15758762 -0.08540441 -0.12097442 -0.11739398]
265.png,[-0.0840445  -0.20448634 -0.06295012 -0.12240103]
266.png,[-0.07292884 -0.19630545 -0.07118705 -0.1210118 ]
267.png,[-0.1277337  -0.09104179 -0.11994235 -0.11453748]
268.png,[-0.08943415 -0.15837299 -0.07238361 -0.12148257]
269.png,[-4.15492398e-02 -2.59645919e-01  9.19914320e-05 -1.34196286e-01]
270.png,[ 0.04103187 -0.39365539  0.07337584 -0.14388255]
271.png,[-0.06218874 -0.2219743   0.00548152 -0.136653  ]
272.png,[ 0.01971039 -0.35017837  0.07054185 -0.14078442]
273.png,[-0.08618663 -0.11921975 -0.08686844 -0.10390154]
274.png,[-0.02119009 -0.21888983 -0.03446185 -0.11008411]
275.png,[-0.07697947 -0.1428761  -0.04462294 -0.11193243]
276.png,[-0.05322585 -0.18130617 -0.01847703 -0.11551865]
277.png,[-0.0153352  -0.24068762  0.0153943  -0.11671023]
278.png,[ 0.03836113 -0.35673564  0.09994712 -0.13141871]
279.png,[-0.01513174 -0.25123559  0.04899597 -0.12222714]
280.png,[-0.05829075 -0.18055652  0.03149972 -0.122504  ]
281.png,[ 0.03194455 -0.34600769  0.12651256 -0.13170545]
282.png,[ 0.02342643 -0.33340224  0.13327872 -0.13194154]
283.png,[ 0.00858267 -0.31050664  0.13608314 -0.13516721]
284.png,[-0.02409305 -0.26710132  0.1331348  -0.13414926]
285.png,[-0.04233124 -0.15395039 -0.00147639 -0.08720461]
286.png,[-0.02213004 -0.20675581  0.04771055 -0.09431104]
287.png,[-0.03650577 -0.17821878  0.0414282  -0.09455581]
288.png,[-0.05723512 -0.14108159  0.03370187 -0.09517987]
289.png,[-0.13814966  0.01647821 -0.04714121 -0.08331077]
290.png,[-0.02908167 -0.18018219  0.06556564 -0.09952201]
291.png,[-0.02647914 -0.1853449   0.07308595 -0.10116441]
292.png,[ 0.05228323 -0.31961817  0.13581437 -0.10300745]
293.png,[-0.01942717 -0.1783686   0.06420333 -0.09311768]
294.png,[ 0.00409211 -0.21049861  0.07614623 -0.09432192]
295.png,[-0.04433059 -0.12889308  0.04689851 -0.09212329]
296.png,[ 0.08318803 -0.37318509  0.19473234 -0.11372746]
297.png,[ 0.01988144 -0.24722544  0.13074407 -0.10510952]
298.png,[-0.02698343 -0.16550702  0.09957261 -0.10234668]
299.png,[ 0.0005128  -0.18532481  0.07562514 -0.08085767]
300.png,[-0.00697908 -0.19015531  0.1104432  -0.10314233]
301.png,[ 0.07339564 -0.31602324  0.16754557 -0.1104983 ]
302.png,[ 0.15871628 -0.50077798  0.29189576 -0.13051224]
303.png,[ 0.0270138  -0.19012264  0.06512406 -0.0783781 ]
304.png,[ 0.03405409 -0.19524718  0.06596767 -0.07840991]
305.png,[ 0.02946938 -0.18528482  0.06539316 -0.07910312]
306.png,[ 0.04814571 -0.22478279  0.09858006 -0.0858327 ]
307.png,[ 0.03192855 -0.18168571  0.0755267  -0.08259554]
308.png,[ 0.01197086 -0.14248097  0.05541076 -0.0794373 ]
309.png,[ 0.15887231 -0.37970658  0.15727665 -0.08445193]
310.png,[ 0.13013556 -0.31873253  0.12330181 -0.07938936]
311.png,[ 0.20532514 -0.46868819  0.21747942 -0.09280633]
312.png,[ 0.24124855 -0.52558602  0.24812233 -0.09722774]
313.png,[ 0.23131443 -0.52200999  0.25883527 -0.10065221]
314.png,[ 0.24320429 -0.54050678  0.27169776 -0.10299562]
315.png,[ 0.15416128 -0.37695798  0.18751764 -0.09060739]
316.png,[ 0.15417677 -0.35490156  0.16288456 -0.08423157]
317.png,[ 0.18991854 -0.42323813  0.20898729 -0.09416391]
318.png,[ 0.1443899  -0.31489777  0.13893833 -0.08033692]
319.png,[-0.03134729  0.02801997 -0.0737466  -0.034659  ]
320.png,[ 0.15601144 -0.31750934  0.11954511 -0.06172125]
321.png,[ 0.0866055  -0.18828133  0.05419618 -0.05279948]
322.png,[-0.02352657  0.05822678 -0.1234179  -0.00704715]
323.png,[-0.09123936  0.17790103 -0.17837403 -0.00052393]
324.png,[-0.08436423  0.19117    -0.19432821  0.00341495]
325.png,[ 0.22328265 -0.46617223  0.24011871 -0.07548226]
326.png,[ 0.00298578 -0.00451547 -0.0548684  -0.01880641]
327.png,[ 0.06266423 -0.09932551 -0.00837932 -0.02514817]
328.png,[-0.08768817  0.18528323 -0.15855409 -0.00288892]
329.png,[-0.0286261   0.05801001 -0.06818106 -0.01967171]
330.png,[ 0.09848536 -0.17481537  0.04815495 -0.02508139]
331.png,[ 0.13537571 -0.21149189  0.05642521 -0.02507708]
332.png,[ 0.01439139 -0.02374035 -0.01147228 -0.01947776]
333.png,[ 0.05396242 -0.08988661  0.02301668 -0.02468845]
334.png,[-0.0585787   0.12177422 -0.08509429 -0.00930857]
335.png,[ 0.00214671 -0.03951183  0.04387499 -0.03108215]
336.png,[-0.14664865  0.28245737 -0.18101808  0.02777378]
337.png,[-0.0787767   0.14910519 -0.09384717  0.01542514]
338.png,[-6.84750738e-24  1.31477616e-23 -7.74564487e-24  6.12323413e-17]
339.png,[ 0.03356465 -0.02545003  0.00030652  0.00089841]
340.png,[-0.08938652  0.21051373 -0.1229999   0.01834861]
341.png,[ 0.0648173  -0.09316073  0.05276943 -0.00671245]
342.png,[ 0.01077176 -0.0195546   0.0432319  -0.00931045]
343.png,[ 0.01914483 -0.00630801  0.02544574 -0.00553042]
344.png,[ 0.0469149  -0.06828193  0.06966471 -0.00683832]
345.png,[ 0.07712882 -0.12674918  0.10911721 -0.00967296]
346.png,[-0.01245782  0.01223717  0.06217704 -0.00674214]
347.png,[ 0.05653182 -0.09131481  0.11201249 -0.01360378]
348.png,[-0.03839256  0.03921763  0.07565096 -0.01212471]
349.png,[-0.01614909  0.05180884  0.01905471  0.01653363]
350.png,[-0.10555229  0.22203666 -0.06661627  0.02822656]
351.png,[-0.19186447  0.41731198 -0.21355755  0.06846404]
352.png,[-0.27235096  0.5774501  -0.30174847  0.0821249 ]
353.png,[-0.18170402  0.39706833 -0.18864398  0.06586653]
354.png,[-0.14726863  0.32035625 -0.1317596   0.05634869]
355.png,[-0.17466232  0.37661157 -0.1608422   0.060159  ]
356.png,[-0.23340384  0.48854977 -0.21697021  0.06788095]
357.png,[-0.20555737  0.45187443 -0.20149374  0.06590775]
358.png,[ 0.51617428 -0.83836237  0.53104945 -0.04508057]
359.png,[-0.23439593  0.48440661 -0.19726195  0.06223996]
360.png,[-0.22121498  0.46863581 -0.19192792  0.06177655]
361.png,[ 0.42329524 -0.64692268  0.43057085 -0.02899646]
362.png,[ 0.54629091 -0.85490616  0.53578196 -0.04438785]
363.png,[ 0.57170148 -0.89147236  0.55183783 -0.04696258]
364.png,[ 0.45168184 -0.67039014  0.43773473 -0.03047038]
365.png,[ 0.32199251 -0.41422437  0.29384662 -0.00911193]
366.png,[ 0.38693282 -0.52633281  0.35274681 -0.01854483]
367.png,[ 0.31543934 -0.38286589  0.27219636 -0.0067532 ]
368.png,[ 0.63829265 -0.97501998  0.59944052 -0.0619207 ]
369.png,[ 0.72839048 -1.10985428  0.65591784 -0.06923773]
370.png,[ 0.49009213 -0.65437856  0.41027013 -0.03547589]
371.png,[ 0.41110597 -0.53129235  0.3673604  -0.03683117]
372.png,[ 0.33795662 -0.37214249  0.26984403 -0.02232329]
373.png,[ 0.59049129 -0.84784298  0.54811392 -0.07435125]
374.png,[ 0.14084498 -0.1552281   0.16679641 -0.02385379]
375.png,[ 0.17072129 -0.20455425  0.19156294 -0.0288881 ]
376.png,[-0.40921553  0.84074215 -0.35664348  0.04988502]
377.png,[-0.38380396  0.80239986 -0.3407772   0.04810296]
378.png,[ 0.06076048  0.04310744  0.03099184 -0.01175554]
379.png,[-0.00852078  0.23426058 -0.11287731  0.01187952]
380.png,[ 0.15622091 -0.10778573  0.11763819 -0.03971012]
381.png,[ 0.20362849 -0.19610851  0.16528399 -0.04823216]
382.png,[-0.00817042  0.224138   -0.07588984 -0.02025981]
383.png,[ 0.2475514  -0.2795593   0.23213954 -0.07851453]
384.png,[ 0.24175002 -0.23102319  0.18113275 -0.06790962]
385.png,[ 0.13261625  0.00372476  0.03660802 -0.04795852]
386.png,[ 0.1613394  -0.04763916  0.06417266 -0.0525831 ]
387.png,[ 0.1828935  -0.0797813   0.07628357 -0.05372209]
388.png,[ 0.20140215 -0.10145143  0.08349083 -0.05414604]
389.png,[ 0.21565794 -0.12082689  0.08926354 -0.05441054]
390.png,[ 0.15559754 -0.03086653  0.06508661 -0.06139799]
391.png,[ 0.13338586  0.03519734  0.01191509 -0.05132606]
392.png,[ 0.15761931 -0.0073144   0.03083523 -0.05381399]
393.png,[ 0.15875532 -0.0006169   0.02376223 -0.05291363]
394.png,[ 0.1675696  -0.00925598  0.02762885 -0.05277691]
395.png,[ 0.17988037 -0.03108839  0.0359851  -0.05366946]
396.png,[ 0.3382947  -0.37580423  0.2749675  -0.10778058]
397.png,[ 0.20765089 -0.0739985   0.05625541 -0.05698194]
398.png,[ 0.20040525 -0.05909461  0.04532494 -0.05507378]
399.png,[ 0.21058845 -0.06987572  0.05128607 -0.05600058]
400.png,[ 0.22246539 -0.08634638  0.05821509 -0.05684427]
401.png,[ 0.37124607 -0.41289261  0.28989503 -0.10940961]
402.png,[ 0.24574311 -0.12404906  0.07701775 -0.05956385]
403.png,[ 0.19778783 -0.07898814  0.09979257 -0.08281695]
404.png,[ 0.38200687 -0.42667789  0.29356877 -0.10982233]
405.png,[ 0.4066815  -0.45673868  0.30619617 -0.11115067]
406.png,[ 0.39913806 -0.43789428  0.29545142 -0.10958175]
407.png,[ 0.40252434 -0.44856412  0.30160227 -0.11083421]
408.png,[ 0.41948606 -0.47355926  0.31276652 -0.11227397]
409.png,[ 0.43456943 -0.503501    0.33967163 -0.11768809]
410.png,[ 0.22474978 -0.11350232  0.13974687 -0.08790668]
411.png,[ 0.43530433 -0.48610247  0.32664077 -0.11558277]
412.png,[ 0.41941608 -0.46764688  0.32249642 -0.11602813]
413.png,[ 0.45482448 -0.51519781  0.34235234 -0.1179362 ]
414.png,[ 0.43653277 -0.478319    0.32329941 -0.11532186]
415.png,[ 0.32001372 -0.20803019  0.11899059 -0.06658704]
416.png,[ 0.29063192 -0.14539879  0.08474142 -0.06152638]
417.png,[ 0.30277267 -0.1729989   0.10702856 -0.06605883]
418.png,[ 0.43602995 -0.46286813  0.31774944 -0.11576071]
419.png,[ 0.46647408 -0.50881062  0.33976671 -0.11885034]
420.png,[ 0.46124105 -0.48643787  0.32293486 -0.11577997]
421.png,[ 0.30762051 -0.15215496  0.09310664 -0.06432185]
422.png,[ 0.32569762 -0.17604097  0.10565384 -0.06653401]
423.png,[ 0.42510208 -0.42259408  0.29891399 -0.11455932]
424.png,[ 0.31128978 -0.145368    0.09268869 -0.06539865]
425.png,[ 0.26702669 -0.06999958  0.05799241 -0.06095597]
426.png,[ 0.42861157 -0.38120295  0.23596483 -0.08663444]
427.png,[ 0.56939202 -0.58813686  0.31930802 -0.08873128]
428.png,[ 0.41275427 -0.34345682  0.22354938 -0.08644888]
429.png,[ 0.48768839 -0.44815818  0.25382892 -0.0801846 ]
430.png,[ 0.49839516 -0.4521362   0.25483009 -0.08003277]
431.png,[ 0.50310642 -0.46541577  0.26365651 -0.08185933]
432.png,[ 0.6955305  -0.82281537  0.47369637 -0.1133034 ]
433.png,[ 0.58645887 -0.6413625   0.38698119 -0.10224708]
434.png,[ 0.61602194 -0.67518287  0.39875122 -0.10288945]
435.png,[ 0.63740312 -0.69418327  0.40513918 -0.1033793 ]
436.png,[ 0.60363265 -0.65919998  0.401906   -0.10475381]
437.png,[ 0.63772549 -0.69457741  0.41894842 -0.1066659 ]
438.png,[ 0.54556363 -0.53769483  0.34040291 -0.09612734]
439.png,[ 0.68101803 -0.80046438  0.50116476 -0.12127115]
440.png,[ 0.80212657 -0.99877542  0.59291816 -0.12631918]
441.png,[ 0.76683808 -0.94630368  0.57237987 -0.12478241]
442.png,[ 0.76792828 -0.94379312  0.57808905 -0.12623792]
443.png,[ 0.64451044 -0.6739837   0.39675856 -0.08522775]
444.png,[ 0.64928432 -0.68538342  0.41488179 -0.08873714]
445.png,[ 0.63973093 -0.67593939  0.41470311 -0.08988231]
446.png,[ 0.64089556 -0.64950936  0.38525822 -0.08282318]
447.png,[ 0.70273343 -0.75418856  0.43234735 -0.08253403]
448.png,[ 0.6133843  -0.51346179  0.23947437 -0.03333327]
449.png,[ 0.73173518 -0.7567341   0.3882202  -0.05608282]
450.png,[ 0.76641993 -0.80785047  0.41857929 -0.06066322]
451.png,[ 0.75237344 -0.77770806  0.40994908 -0.06091254]
452.png,[ 0.72929874 -0.74218066  0.3908877  -0.05886985]
453.png,[ 0.75815423 -0.82460415  0.45589553 -0.07045434]
454.png,[ 0.97269159 -1.18986074  0.63597969 -0.08843804]
455.png,[ 0.96454976 -1.15427754  0.61184536 -0.08377003]
456.png,[ 0.99975593 -1.20345232  0.63629917 -0.08634173]
457.png,[ 1.03799655 -1.26473418  0.66293924 -0.09067434]
458.png,[ 1.02597018 -1.23973572  0.6481496  -0.08849566]
459.png,[ 1.00973005 -1.22873369  0.64524883 -0.08853792]
460.png,[ 1.01733107 -1.23709114  0.64754594 -0.08863208]
461.png,[ 0.97443416 -1.15229169  0.60125545 -0.08219294]
462.png,[ 0.99573445 -1.19150526  0.62371709 -0.08412403]
463.png,[ 1.00366963 -1.20027606  0.62629818 -0.08428715]
464.png,[ 1.00366963 -1.20027606  0.62629818 -0.08428715]
465.png,[ 1.03002021 -1.22454315  0.63293151 -0.08603026]
466.png,[ 1.03152305 -1.22609625  0.63472692 -0.08479762]
467.png,[ 1.03002021 -1.22454315  0.63293151 -0.08603026]
468.png,[ 1.03808102 -1.25826282  0.6555945  -0.08851369]
469.png,[ 1.03808102 -1.25826282  0.6555945  -0.08851369]
470.png,[ 1.04377022 -1.26094012  0.65023479 -0.08786139]
471.png,[ 1.03797754 -1.25703187  0.65165824 -0.08855091]
472.png,[ 1.0384889  -1.25577505  0.65146702 -0.08916185]
473.png,[ 1.0384889  -1.25577505  0.65146702 -0.08916185]
474.png,[ 1.03797754 -1.25703187  0.65165824 -0.08855091]
475.png,[ 1.03884222 -1.25756101  0.65581412 -0.08921956]
476.png,[ 1.0384889  -1.25577505  0.65146702 -0.08916185]
477.png,[ 1.04456946 -1.26391378  0.65600057 -0.08824795]
478.png,[ 1.04456946 -1.26391378  0.65600057 -0.08824795]
479.png,[ 1.04032653 -1.25704491  0.64984546 -0.08804976]
480.png,[ 1.02885683 -1.23855077  0.64422371 -0.08673814]
481.png,[ 1.04032653 -1.25704491  0.64984546 -0.08804976]
482.png,[ 1.03884222 -1.25756101  0.65581412 -0.08921956]
483.png,[ 1.03193651 -1.24452099  0.64907374 -0.08827575]
484.png,[ 1.02909766 -1.23794305  0.64060758 -0.08682102]
485.png,[ 1.05086528 -1.27145932  0.6560272  -0.08883861]
486.png,[ 1.0384889  -1.25577505  0.65146702 -0.08916185]
487.png,[ 1.04941108 -1.2719961   0.66200483 -0.09001043]
488.png,[ 1.0384889  -1.25577505  0.65146702 -0.08916185]
489.png,[ 1.0432457  -1.26372253  0.65833238 -0.08950256]
490.png,[ 1.04476244 -1.26328492  0.65241437 -0.08834152]
491.png,[ 1.0432457  -1.26372253  0.65833238 -0.08950256]
492.png,[ 1.03353369 -1.24418327  0.64317662 -0.08711281]
493.png,[ 1.04476244 -1.26328492  0.65241437 -0.08834152]
494.png,[ 1.06212522 -1.2915187   0.66899385 -0.08999112]
495.png,[ 1.06026314 -1.28930197  0.6668918  -0.09118015]
496.png,[ 1.03326027 -1.24471224  0.64674193 -0.08702114]
497.png,[ 1.06213801 -1.29063137  0.66529874 -0.09007195]
498.png,[ 1.06026314 -1.28930197  0.6668918  -0.09118015]
499.png,[ 1.04292488 -1.26201518  0.65403601 -0.08945363]
500.png,[ 1.04899031 -1.27012971  0.65762013 -0.08994679]
501.png,[ 1.04899031 -1.27012971  0.65762013 -0.08994679]
502.png,[ 1.07206657 -1.30630894  0.67320255 -0.09125577]
503.png,[ 1.04941108 -1.2719961   0.66200483 -0.09001043]
504.png,[ 1.06212522 -1.2915187   0.66899385 -0.08999112]
505.png,[ 1.06026314 -1.28930197  0.6668918  -0.09118015]
506.png,[ 1.05086528 -1.27145932  0.6560272  -0.08883861]
507.png,[ 1.04899031 -1.27012971  0.65762013 -0.08994679]
508.png,[ 1.04899031 -1.27012971  0.65762013 -0.08994679]
509.png,[ 1.05077069 -1.27224467  0.65970048 -0.08875956]
510.png,[ 1.06026314 -1.28930197  0.6668918  -0.09118015]
511.png,[ 1.07206657 -1.30630894  0.67320255 -0.09125577]
512.png,[ 1.04899031 -1.27012971  0.65762013 -0.08994679]
513.png,[ 1.08152841 -1.32425946  0.68412165 -0.09360516]
514.png,[ 1.05175934 -1.27708485  0.66511217 -0.09053136]
515.png,[ 1.08344179 -1.32565492  0.68256252 -0.09250194]
516.png,[ 1.04941108 -1.2719961   0.66200483 -0.09001043]
517.png,[ 1.0701533  -1.30491371  0.67476182 -0.09235902]
518.png,[ 1.09992936 -1.35418896  0.69871636 -0.09563724]
519.png,[ 1.0701533  -1.30491371  0.67476182 -0.09235902]
520.png,[ 1.04899031 -1.27012971  0.65762013 -0.08994679]
521.png,[ 1.04899031 -1.27012971  0.65762013 -0.08994679]
522.png,[ 1.04899031 -1.27012971  0.65762013 -0.08994679]
523.png,[ 1.0701533  -1.30491371  0.67476182 -0.09235902]
524.png,[ 1.07092591 -1.307359    0.67943192 -0.09246281]
525.png,[ 1.05274081 -1.27561395  0.66220173 -0.08978797]
526.png,[ 1.13233558 -1.42222662  0.73532405 -0.10090776]
527.png,[ 0.87422719 -0.93581586  0.46663605 -0.06824758]
528.png,[ 0.89967559 -0.98919877  0.49124216 -0.07092455]
529.png,[ 0.94702263 -1.05476068  0.51981309 -0.0741213 ]
530.png,[ 0.98505676 -1.15241567  0.60430173 -0.10511924]
531.png,[ 0.90098032 -1.0379185   0.56899575 -0.11120481]
532.png,[ 1.11912144 -1.47335648  0.84667722 -0.16694772]
533.png,[ 1.06126741 -1.33492676  0.73745319 -0.14734868]
534.png,[ 0.97114291 -1.19759236  0.67869444 -0.14732683]
535.png,[ 0.96714663 -1.17829389  0.65771043 -0.14282573]
536.png,[ 0.91696337 -1.05964487  0.56464959 -0.12603238]
537.png,[ 0.89303781 -1.04894736  0.56002411 -0.12609124]
538.png,[ 0.95315069 -1.13370863  0.59683621 -0.13015162]
539.png,[ 0.85223102 -0.92420923  0.4571208  -0.10787392]
540.png,[ 0.74582198 -0.75358737  0.38189002 -0.10600044]
541.png,[ 0.87715428 -1.07193817  0.60559601 -0.15776759]
542.png,[ 0.95568806 -1.19313674  0.66228061 -0.16436627]
543.png,[ 0.79276072 -0.87825448  0.47084533 -0.13476784]
544.png,[ 0.84860201 -1.00415438  0.5410941  -0.14513244]
545.png,[ 0.84155011 -0.98765772  0.52801508 -0.14215272]
546.png,[ 0.90694542 -1.10647253  0.5788613  -0.14744367]
547.png,[ 0.8676248  -1.05195398  0.55151848 -0.14383422]
548.png,[ 0.76959941 -0.8380955   0.41211801 -0.1224335 ]
549.png,[ 0.83497513 -0.9549256   0.46447943 -0.12851988]
550.png,[ 0.80794577 -0.9234238   0.45004229 -0.12686009]
551.png,[ 0.89782356 -1.10018888  0.54440316 -0.14159861]
552.png,[ 0.78409095 -0.90698828  0.45423327 -0.13678935]
553.png,[ 0.67700015 -0.68939836  0.32477522 -0.1192574 ]
554.png,[ 0.68816763 -0.71981182  0.3398593  -0.12160134]
555.png,[ 0.71581836 -0.77311569  0.36279998 -0.12393098]
556.png,[ 0.70333694 -0.77039943  0.36697551 -0.12557203]
557.png,[ 0.70556254 -0.77443719  0.36392287 -0.1242096 ]
558.png,[ 0.74503678 -0.85024322  0.40624903 -0.13051507]
559.png,[ 0.72045823 -0.81560066  0.38828853 -0.12715735]
560.png,[ 0.70053522 -0.79887272  0.38643916 -0.1280735 ]
561.png,[ 0.57420742 -0.54164327  0.22665959 -0.10339406]
562.png,[ 0.60673977 -0.60649453  0.25895794 -0.10706298]
563.png,[ 0.57461519 -0.55868171  0.24081617 -0.10567576]
564.png,[ 0.57034358 -0.55859812  0.2419988  -0.1053824 ]
565.png,[ 0.53665345 -0.51847798  0.22912967 -0.10489531]
566.png,[ 0.75473508 -0.93259539  0.45647134 -0.13642361]
567.png,[ 0.7170204  -0.88351677  0.43864997 -0.13521645]
568.png,[ 0.72691046 -0.89195659  0.4400096  -0.13438758]
569.png,[ 0.6782021  -0.82280728  0.41026312 -0.13069092]
570.png,[ 0.69122595 -0.84759029  0.42165642 -0.13155676]
571.png,[ 0.64935848 -0.7872209   0.39407501 -0.12778529]
572.png,[ 0.63824262 -0.78907221  0.40110336 -0.1295559 ]
573.png,[ 0.66343056 -0.82833576  0.42343846 -0.13356902]
574.png,[ 0.45864746 -0.43819839  0.20024641 -0.10020774]
575.png,[ 0.63138328 -0.77005021  0.39194336 -0.12807487]
576.png,[ 0.57778739 -0.68758422  0.35355519 -0.12292929]
577.png,[ 0.55238009 -0.66382464  0.34796305 -0.12251028]
578.png,[ 0.50122778 -0.56756181  0.29146016 -0.11228284]
579.png,[ 0.46090728 -0.48883008  0.24873624 -0.10475086]
580.png,[ 0.44366192 -0.47574341  0.25548669 -0.10855959]
581.png,[ 0.37368448 -0.38235713  0.22665586 -0.10594903]
582.png,[ 0.33532932 -0.3150671   0.19071626 -0.10003994]
583.png,[ 0.31834641 -0.28551631  0.18001025 -0.09955514]
584.png,[ 0.39573968 -0.42174008  0.23377671 -0.09802551]
585.png,[ 0.38215912 -0.39739089  0.21935276 -0.09512464]
586.png,[ 0.51108145 -0.65837616  0.3727871  -0.11665421]
587.png,[ 0.34570115 -0.33817473  0.18959983 -0.09036951]
588.png,[ 0.4540261  -0.55882012  0.32542223 -0.1103083 ]
589.png,[ 0.43244521 -0.52493131  0.30947502 -0.10816677]
590.png,[ 0.42906304 -0.52075436  0.30870512 -0.10818825]
591.png,[ 0.38707277 -0.45935438  0.28230661 -0.10523662]
592.png,[ 0.22375116 -0.09931028  0.03161765 -0.04980907]
593.png,[ 0.20538176 -0.07158752  0.02084698 -0.04872911]
594.png,[ 0.18623948 -0.03582631  0.00271769 -0.0462475 ]
595.png,[ 0.20584988 -0.10139461  0.06302001 -0.05787723]
596.png,[ 0.31136175 -0.31539779  0.19092418 -0.07571917]
597.png,[ 0.28759196 -0.28060644  0.17509563 -0.0738779 ]
598.png,[ 0.39740128 -0.45742045  0.24416633 -0.07331138]
599.png,[ 0.3427353  -0.36322751  0.19784836 -0.06701106]
600.png,[ 0.30657102 -0.33266352  0.2067356  -0.07064211]
601.png,[ 0.24923706 -0.23583578  0.16432089 -0.06546093]
602.png,[ 0.39344576 -0.51676083  0.32532637 -0.0875102 ]
603.png,[ 0.32300732 -0.39962472  0.26922259 -0.07926202]
604.png,[ 0.14735222 -0.04068591  0.0377451  -0.03287872]
605.png,[ 0.1519737  -0.09155196  0.09413565 -0.04497666]
606.png,[ 0.17463535 -0.1116309   0.07784928 -0.03125796]
607.png,[ 0.09858264  0.0522546  -0.04665045  0.00665635]
608.png,[ 0.0668258   0.10580248 -0.07022377  0.00960324]
609.png,[ 0.05150381  0.09590006 -0.04042996  0.00184412]
610.png,[ 0.03475881  0.12497715 -0.05210053  0.00326673]
611.png,[ 0.02456504  0.12723142 -0.04505813  0.00142633]
612.png,[ 0.01519655  0.14171465 -0.05175744  0.00230909]
613.png,[-0.48676701  0.96720891 -0.43539382  0.05438563]
614.png,[-0.50323567  0.98664173 -0.4390485   0.05416306]
615.png,[ 0.39856675 -0.46049953  0.29844557 -0.04462446]
616.png,[ 0.40103653 -0.45624215  0.27572233 -0.03324037]
617.png,[ 0.67532624 -0.96609321  0.54458573 -0.07356716]
618.png,[ 0.49080398 -0.63580653  0.37241189 -0.04738043]
619.png,[ 0.38703319 -0.47154073  0.29385611 -0.03693793]
620.png,[ 0.61927862 -0.90378355  0.52783308 -0.07247077]
621.png,[ 0.41795545 -0.55343969  0.34858572 -0.04559402]
622.png,[ 0.71111621 -1.11226662  0.65534786 -0.09162839]
623.png,[ 0.53861986 -0.80606467  0.49497293 -0.06685226]
624.png,[ 0.54294807 -0.82302404  0.50686819 -0.06880357]
625.png,[ 0.65967389 -1.05072017  0.63254188 -0.08832226]
626.png,[ 0.03057988 -0.00089174  0.07085117 -0.01057203]
627.png,[ 0.00062293  0.04259549  0.0520811  -0.00838686]
628.png,[-0.04123858  0.14994826 -0.02758286  0.00645769]
629.png,[ 0.01641263  0.03253666  0.03738915 -0.0034628 ]
630.png,[ 0.00306922  0.05210039  0.02793504 -0.00190727]
631.png,[ 0.01972559  0.00363382  0.05765117 -0.00668134]
632.png,[ 0.01044741  0.0130836   0.05609739 -0.00713319]
633.png,[ 0.07910917 -0.12465237  0.13055465 -0.01834796]
634.png,[ 0.0629193  -0.09861754  0.11633652 -0.01601636]
635.png,[ 0.02960457 -0.0584057   0.10058601 -0.01412104]
636.png,[ 0.16280887 -0.25740581  0.17345018 -0.02034912]
637.png,[-0.07347842  0.16215551 -0.04953352  0.0097806 ]
638.png,[-0.04413139  0.11267728 -0.02732744  0.00696803]
639.png,[-0.05462999  0.10394206 -0.00390345 -0.0054515 ]
640.png,[-0.12513359  0.23763756 -0.08975613  0.00934133]
641.png,[ 0.01247896  0.00391183  0.02095835 -0.00490386]
642.png,[-0.02324201  0.03961036  0.01139038 -0.00471108]
643.png,[-0.08371504  0.19964208 -0.11691667  0.01764147]
644.png,[ 0.0519585  -0.10432488  0.10327953 -0.03373521]
645.png,[ 0.14798506 -0.29350047  0.2048098  -0.04946597]
646.png,[ 0.06319787 -0.16326054  0.16106531 -0.05380148]
647.png,[ 0.10799825 -0.25620896  0.19849096 -0.05003735]
648.png,[-0.02298192  0.0382994  -0.0191478   0.00273513]
649.png,[-0.07584024  0.10141946 -0.04031483  0.00400439]
650.png,[ 0.0425901  -0.08280382  0.02647693 -0.00141462]
651.png,[ 0.11861878 -0.24548991  0.14886237 -0.03855051]
652.png,[ 0.18177851 -0.34848247  0.19613326 -0.05167118]
653.png,[ 0.07008274 -0.12507932  0.04511437 -0.0279497 ]
654.png,[ 0.1103318  -0.16230056  0.02195262 -0.02286644]
655.png,[-0.04989867  0.11530318 -0.11954803 -0.00944163]
656.png,[ 0.03764216 -0.06628274 -0.02349517 -0.02322294]
657.png,[ 0.12840613 -0.23114431  0.06896376 -0.04774125]
658.png,[ 0.23000227 -0.4675074   0.24602856 -0.0978033 ]
659.png,[ 0.17379927 -0.35365799  0.16689785 -0.08601688]
660.png,[ 0.18426455 -0.37642319  0.17099592 -0.08736526]
661.png,[ 0.15986356 -0.31645652  0.11990598 -0.07991052]
662.png,[ 0.22009344 -0.48281168  0.26184528 -0.12484909]
663.png,[ 0.28693149 -0.60951438  0.32373372 -0.13345997]
664.png,[ 0.32463777 -0.65915614  0.32794071 -0.13120896]
665.png,[ 0.19403827 -0.41731096  0.18895803 -0.11255206]
666.png,[ 0.2577435  -0.51399112  0.21599389 -0.11330018]
667.png,[ 0.11656513 -0.24257928  0.06355543 -0.0988645 ]
668.png,[ 0.10521063 -0.22728548  0.05282823 -0.09854581]
669.png,[ 0.3214723  -0.66633721  0.32607465 -0.15592283]
670.png,[ 0.26371367 -0.54570446  0.2411842  -0.14397284]
671.png,[ 0.24853013 -0.51502553  0.22179694 -0.14688658]
672.png,[ 0.16710764 -0.35482913  0.12201132 -0.13317498]
673.png,[ 0.19803658 -0.38957124  0.11426587 -0.13006041]
674.png,[ 0.01639348 -0.07523365 -0.04424252 -0.11564549]
675.png,[ 0.03292452 -0.091417   -0.05784532 -0.11082809]
676.png,[ 0.07527424 -0.17545662 -0.01210123 -0.12047107]
677.png,[ 0.09287399 -0.23920711  0.04910228 -0.14422083]
678.png,[ 0.08462244 -0.24269268  0.06149253 -0.15244186]
679.png,[ 0.29740589 -0.65835187  0.3034988  -0.19860065]
680.png,[ 0.19126889 -0.45944165  0.18587234 -0.18176337]
681.png,[ 0.25775903 -0.58145287  0.24392296 -0.19005321]
682.png,[ 0.27965991 -0.6110604   0.24410775 -0.1888305 ]
683.png,[ 0.24439215 -0.5622535   0.22475175 -0.19146496]
684.png,[ 0.155948   -0.39126515  0.11757266 -0.17605495]
685.png,[ 0.17973348 -0.44787956  0.14562199 -0.18031938]
686.png,[ 0.18797291 -0.43548705  0.11196499 -0.17373568]
687.png,[ 0.22534101 -0.50391737  0.13880824 -0.17726755]
688.png,[ 0.18341442 -0.43502796  0.09700246 -0.17472586]
689.png,[ 0.17070162 -0.38899447  0.04739823 -0.16491167]
690.png,[ 0.20731124 -0.45561219  0.07063785 -0.16772145]
691.png,[ 0.22183736 -0.48633032  0.07983149 -0.16792614]
692.png,[ 0.27950221 -0.57865947  0.10720226 -0.17031337]
693.png,[ 0.30489056 -0.63337997  0.13528442 -0.17519534]
694.png,[ 0.26239619 -0.54655363  0.07439562 -0.16492269]
695.png,[ 0.26012706 -0.56283214  0.09252817 -0.16977705]
696.png,[ 0.3733949  -0.8002038   0.24272725 -0.20401004]
697.png,[ 0.4027789  -0.85487517  0.26314038 -0.20594959]
698.png,[ 0.09312022 -0.22496597 -0.16060877 -0.1030572 ]
699.png,[ 0.24357598 -0.58812966  0.128657   -0.19211044]
700.png,[ 0.20872793 -0.52819699  0.090076   -0.18698436]
701.png,[ 1.23170262 -2.84202147  1.82762546 -0.64997464]
702.png,[ 0.26243439 -0.64037924  0.14347251 -0.19392087]
703.png,[ 0.27037858 -0.65372318  0.14269787 -0.19331486]
704.png,[ 0.49415993 -1.11843027  0.43528431 -0.25076459]
705.png,[ 0.32586762 -0.75334486  0.15218173 -0.16437598]
706.png,[ 0.25899253 -0.60249983  0.04687763 -0.14865282]
707.png,[ 0.16511546 -0.45987407 -0.02147246 -0.14146473]
708.png,[ 0.19351157 -0.52549874  0.02130294 -0.15115398]
709.png,[ 0.17350872 -0.48603699 -0.01388796 -0.14319425]
710.png,[ 0.21925056 -0.58569171  0.04206671 -0.1532324 ]
711.png,[ 0.41697496 -1.01973893  0.35330394 -0.24354302]
712.png,[ 0.13224697 -0.40856204 -0.08264087 -0.13198679]
713.png,[ 0.14762552 -0.45665553 -0.05442274 -0.13643191]
714.png,[ 0.14061658 -0.46078281 -0.05206919 -0.13666879]
715.png,[ 0.21875428 -0.60061325  0.01392279 -0.14436333]
716.png,[ 0.3066169  -0.85071568  0.24741918 -0.22967603]
717.png,[ 0.06427883 -0.32193135 -0.14452261 -0.12444245]
718.png,[ 0.00354668 -0.22757878 -0.19350962 -0.11665349]
719.png,[ 0.04214363 -0.34689559 -0.10147626 -0.1386321 ]
720.png,[ 0.06836308 -0.41602249 -0.0593524  -0.14645359]
721.png,[ 0.09681664 -0.48727393 -0.01665635 -0.15399667]
722.png,[ 0.1726848  -0.62954749  0.0544638  -0.16290003]
723.png,[ 0.02162448 -0.36798716 -0.09325484 -0.14002224]
724.png,[ 0.04435607 -0.42630874 -0.05418754 -0.14713911]
725.png,[ 0.08403032 -0.50234424 -0.02424167 -0.15052161]
726.png,[ 0.02147347 -0.39564275 -0.0834295  -0.14117856]
727.png,[-0.0777171  -0.22388385 -0.17257888 -0.13053045]
728.png,[-0.04675932 -0.30686037 -0.11058137 -0.14565999]
729.png,[-0.05953231 -0.29879454 -0.13235552 -0.14071726]
730.png,[-0.08319602 -0.27258659 -0.13456203 -0.14053711]
731.png,[-0.04053477 -0.33288822 -0.11872643 -0.14097671]
732.png,[-0.00124135 -0.45957023 -0.03995896 -0.15688575]
733.png,[-0.10312129 -0.26265592 -0.15107166 -0.14089404]
734.png,[-0.1355133  -0.24121379 -0.15921086 -0.1408043 ]
735.png,[-0.14863274 -0.20633406 -0.1933298  -0.13396173]
736.png,[-0.21222523 -0.12951522 -0.23057035 -0.12908127]
737.png,[-0.25811366 -0.0675742  -0.26218993 -0.12532333]
738.png,[-0.29099318  0.00094756 -0.31376322 -0.11614244]
739.png,[-0.15276103 -0.32309908 -0.09709062 -0.16707468]
740.png,[-0.18163771 -0.29473821 -0.10727647 -0.16898379]
741.png,[-0.28881933 -0.13438378 -0.1794013  -0.1625325 ]
742.png,[-0.33975592 -0.02389359 -0.26779236 -0.14724613]
743.png,[-0.25051135 -0.23324561 -0.128541   -0.18310824]
744.png,[-0.3108523  -0.15334778 -0.15789462 -0.19182504]
745.png,[-0.26476884 -0.24023567 -0.12764877 -0.19744191]
746.png,[-0.3507164  -0.13755361 -0.17160967 -0.19947413]
747.png,[-0.42997237  0.01472754 -0.27507554 -0.18606304]
748.png,[-0.61491476  0.33871796 -0.44501791 -0.17303174]
749.png,[-0.48539927  0.05106836 -0.27172235 -0.20455518]
750.png,[-0.69368507  0.41912518 -0.47288273 -0.18107621]
751.png,[-0.63126243  0.30890458 -0.42438381 -0.18945709]
752.png,[-0.68943997  0.39732981 -0.49741118 -0.17641282]
753.png,[-0.86414129  0.69225289 -0.62404878 -0.17183115]
754.png,[-0.83431273  0.56806019 -0.54229589 -0.18685861]
755.png,[-0.84001082  0.56400248 -0.54567065 -0.18438655]
756.png,[-1.1440071   0.9604954  -0.74493504 -0.15713679]
757.png,[-1.27495028  1.20871594 -0.86884543 -0.14368921]
758.png,[-1.16300679  0.99712837 -0.75469527 -0.1623822 ]
759.png,[-1.28273974  1.13250637 -0.81575524 -0.15609794]
760.png,[-1.31793113  1.14495604 -0.82761903 -0.1539055 ]
761.png,[-1.25441856  1.01800536 -0.76030293 -0.16417447]
762.png,[-1.31081057  1.12308959 -0.80409319 -0.15802502]
763.png,[-1.39985851  1.29120544 -0.91096574 -0.13954322]
764.png,[-1.43595515  1.26432559 -0.88650197 -0.14495713]
765.png,[-1.51148636  1.30769648 -0.89229416 -0.14751497]
766.png,[-1.60874374  1.53135715 -1.02576044 -0.12476638]
767.png,[-1.68707055  1.65656377 -1.08604454 -0.11645028]
768.png,[-1.70127124  1.68504992 -1.10311505 -0.1137817 ]
769.png,[-1.68081399  1.65684763 -1.09338464 -0.11461935]
770.png,[-1.66897991  1.64824786 -1.09677098 -0.11322547]
771.png,[-1.60553569  1.52119177 -1.02210438 -0.12493553]
772.png,[-1.61838769  1.54743171 -1.03810407 -0.12239102]
773.png,[-1.63124302  1.61317874 -1.07320253 -0.11631075]
774.png,[-1.61838769  1.54743171 -1.03810407 -0.12239102]
775.png,[-1.65806084  1.6196916  -1.07809014 -0.11642381]
776.png,[-1.58754943  1.49893459 -1.01759117 -0.12492943]
777.png,[-1.61605669  1.5427408  -1.03572448 -0.123022  ]
778.png,[-1.63775571  1.63820399 -1.09480633 -0.1124714 ]
779.png,[-1.58435387  1.52903621 -1.02934905 -0.12269803]
780.png,[-1.55980026  1.49015791 -1.01119421 -0.12508146]
781.png,[-1.59802575  1.52472618 -1.0354773  -0.1220287 ]
782.png,[-1.57129679  1.51329096 -1.02493309 -0.12305195]
783.png,[-1.62772479  1.55759821 -1.04379078 -0.1215207 ]
784.png,[-1.68494405  1.65366729 -1.09129799 -0.11490439]
785.png,[-1.60669373  1.57709396 -1.06009017 -0.11759933]
786.png,[-1.60577652  1.50906712 -1.01507375 -0.12608742]
787.png,[-1.56018303  1.44937249 -0.99170543 -0.12904219]
788.png,[-1.53923606  1.41064618 -0.97062476 -0.13191523]
789.png,[-1.72042871  1.69510682 -1.10603147 -0.1133411 ]
790.png,[-1.641027    1.57052475 -1.04650147 -0.12157235]
791.png,[-1.74742697  1.74547377 -1.1340989  -0.10898484]
792.png,[-1.64312256  1.5721282  -1.04620212 -0.12177862]
793.png,[-1.77977288  1.79861786 -1.15908658 -0.10604073]
794.png,[-1.74742697  1.74547377 -1.1340989  -0.10898484]
795.png,[-1.70932541  1.68116031 -1.10235038 -0.11338091]
796.png,[-1.70932541  1.68116031 -1.10235038 -0.11338091]
797.png,[-1.71826253  1.68458949 -1.09592033 -0.11558991]
798.png,[-1.71826253  1.68458949 -1.09592033 -0.11558991]
799.png,[-1.74172996  1.73441501 -1.12740014 -0.11042721]
800.png,[-1.72042871  1.69510682 -1.10603147 -0.1133411 ]
801.png,[-1.71396429  1.69343806 -1.1114246  -0.11172947]
802.png,[-1.70932541  1.68116031 -1.10235038 -0.11338091]
803.png,[-1.72042871  1.69510682 -1.10603147 -0.1133411 ]
804.png,[-1.70932541  1.68116031 -1.10235038 -0.11338091]
805.png,[-1.69560681  1.66374703 -1.09719887 -0.11389851]
806.png,[-1.73062194  1.72045301 -1.12370625 -0.11046954]
807.png,[-1.70932541  1.68116031 -1.10235038 -0.11338091]
808.png,[-1.70932541  1.68116031 -1.10235038 -0.11338091]
809.png,[-1.69560681  1.66374703 -1.09719887 -0.11389851]
810.png,[-1.70932541  1.68116031 -1.10235038 -0.11338091]
811.png,[-1.70932541  1.68116031 -1.10235038 -0.11338091]
812.png,[-1.6486797   1.5874916  -1.06170701 -0.11850152]
813.png,[-1.74172996  1.73441501 -1.12740014 -0.11042721]
814.png,[-1.58995873  1.50525688 -0.98811198 -0.13157889]
815.png,[-1.54142271  1.43979216 -0.9681426  -0.13231177]
816.png,[-1.19374397  0.95279275 -0.7030804  -0.16646443]
817.png,[-1.05029722  0.82434762 -0.64497158 -0.17231981]
818.png,[-1.02215097  0.83776907 -0.67009912 -0.15994051]
819.png,[-0.84737344  0.57363484 -0.53914287 -0.16907503]
820.png,[-0.76574762  0.42877964 -0.45694254 -0.17742225]
821.png,[-0.72316996  0.32521572 -0.3763298  -0.18897904]
822.png,[-0.64206284  0.23783532 -0.35847293 -0.18294384]
823.png,[-0.70537546  0.36341884 -0.41039296 -0.17589239]
824.png,[-0.52955051  0.07050449 -0.25541058 -0.18404322]
825.png,[-0.54762132  0.13510692 -0.29527075 -0.17482142]
826.png,[-0.29321455 -0.33891619 -0.02244579 -0.21306375]
827.png,[-0.3851833  -0.17425624 -0.0878797  -0.20416427]
828.png,[-0.17959757 -0.49858801  0.05546856 -0.20946771]
829.png,[-0.39474381 -0.04220519 -0.23135674 -0.14832126]
830.png,[-0.35315531 -0.12345848 -0.16456653 -0.16061736]
831.png,[-0.33488613 -0.15474245 -0.14194538 -0.159802  ]
832.png,[-0.17970185 -0.38723233 -0.02136099 -0.17587379]
833.png,[-0.26088706 -0.18747374 -0.16858405 -0.13802414]
834.png,[-0.29303232 -0.09453858 -0.22706257 -0.12952201]
835.png,[-0.27485106 -0.12466973 -0.18805446 -0.13500899]
836.png,[-0.30687602 -0.02738805 -0.25504743 -0.12115382]
837.png,[-0.19648844 -0.1979234  -0.1693626  -0.13176511]
838.png,[-0.23322178 -0.1353338  -0.19014929 -0.1302485 ]
839.png,[-0.17032125 -0.23873989 -0.12171018 -0.14469229]
840.png,[-0.11461641 -0.32067675 -0.07724448 -0.1480552 ]
841.png,[-0.04283482 -0.51627091  0.13576074 -0.22951748]
842.png,[-0.11056878 -0.27628406 -0.10790264 -0.13543656]
843.png,[-0.11094944 -0.28663842 -0.07026082 -0.14573894]
844.png,[-0.19335422 -0.13465663 -0.13656541 -0.15499186]
845.png,[ 0.02214987 -0.52517962  0.08182089 -0.18352492]
846.png,[-0.0281159  -0.4235917   0.03236182 -0.17590602]
847.png,[-0.02751702 -0.41352843  0.04107133 -0.17625643]
848.png,[-0.03426024 -0.38822405  0.02894555 -0.17300206]
849.png,[-0.02902208 -0.38731893  0.02999954 -0.17035267]
850.png,[ 1.1250812  -2.35461727  0.97261495 -0.30055599]
851.png,[-0.00582969 -0.39438162  0.0264745  -0.15626839]
852.png,[ 0.12238514 -0.63879053  0.17579365 -0.1766486 ]
853.png,[ 0.07567224 -0.53105013  0.1186129  -0.1678104 ]
854.png,[-0.08877182 -0.18385414 -0.09959191 -0.11992257]
855.png,[-0.07468038 -0.2111785  -0.07555417 -0.12271007]
856.png,[ 0.02932882 -0.40903229  0.04408603 -0.13743824]
857.png,[ 0.04235717 -0.41270628  0.04634931 -0.13824385]
858.png,[-0.07225651 -0.18778104 -0.07153199 -0.12101585]
859.png,[ 0.01373592 -0.34036064  0.02215057 -0.13620785]
860.png,[ 0.06974457 -0.43454412  0.07551175 -0.14291873]
861.png,[ 0.04824074 -0.39669529  0.0684195  -0.14360705]
862.png,[-0.020814   -0.28750695  0.03274694 -0.13964881]
863.png,[ 0.05080601 -0.40741311  0.09749809 -0.14454591]
864.png,[-0.0210709  -0.23435618 -0.02471248 -0.11263109]
865.png,[-0.02120612 -0.22063019 -0.03109479 -0.1105259 ]
866.png,[ 0.02260298 -0.31736959  0.04683412 -0.12401602]
867.png,[-0.06834026 -0.16414383 -0.01521442 -0.11676939]
868.png,[ 0.04153942 -0.36276958  0.10083319 -0.12997341]
869.png,[ 0.02873356 -0.34999059  0.10996696 -0.13257895]
870.png,[ 0.0273314  -0.3406056   0.11483942 -0.13453192]
871.png,[-0.00179103 -0.30033215  0.11261522 -0.13578472]
872.png,[ 0.1188145  -0.49582342  0.20753414 -0.14191703]
873.png,[ 0.06902761 -0.41246556  0.18214134 -0.14069809]
874.png,[ 0.09179931 -0.46508654  0.22906167 -0.14807914]
875.png,[ 0.00719203 -0.25277771  0.0569266  -0.09739975]
876.png,[-0.06634643 -0.11216582 -0.01339887 -0.08701122]
877.png,[-0.00048789 -0.23824516  0.06668671 -0.09738668]
878.png,[-0.0511924  -0.14711374  0.02639766 -0.09269525]
879.png,[-0.07889862 -0.0943296   0.00776754 -0.09155329]
880.png,[-0.13459724  0.02156475 -0.05468899 -0.08189673]
881.png,[-0.02348678 -0.19277094  0.07590694 -0.1013569 ]
882.png,[ 0.04812833 -0.31821248  0.13737754 -0.10349837]
883.png,[ 0.00238086 -0.2166348   0.08192719 -0.09551315]
884.png,[-0.04685968 -0.11085496  0.02750219 -0.08704871]
885.png,[ 0.07611434 -0.37427825  0.19906629 -0.11466362]
886.png,[ 0.01323356 -0.24416762  0.13087581 -0.10517982]
887.png,[ 0.03829261 -0.29310804  0.16335105 -0.11043798]
888.png,[ 0.00906509 -0.20903485  0.08785418 -0.08252906]
889.png,[-0.05286836 -0.08220039  0.02292183 -0.07367865]
890.png,[-0.0006476  -0.16552807  0.0605297  -0.07790829]
891.png,[ 0.02682974 -0.21428868  0.08811532 -0.08326072]
892.png,[ 0.00432826 -0.16174682  0.05693452 -0.07752802]
893.png,[-0.00547054 -0.13041973  0.03990096 -0.07522642]
894.png,[ 0.00509422 -0.16192708  0.07337667 -0.08260417]
895.png,[ 0.02616913 -0.18962155  0.08181555 -0.08312184]
896.png,[ 0.07554286 -0.25002908  0.09568028 -0.07600029]
897.png,[ 0.0926647  -0.2756499   0.10549967 -0.07699246]
898.png,[ 0.09189121 -0.26330632  0.10063024 -0.07674406]
899.png,[ 0.10854588 -0.28505607  0.10936415 -0.07777381]
900.png,[ 0.20842377 -0.47990005  0.22712485 -0.09438222]
901.png,[ 0.20436894 -0.48885984  0.24707798 -0.0994512 ]
902.png,[ 0.20499742 -0.48641975  0.24878892 -0.10023413]
903.png,[ 0.21418182 -0.48670242  0.24174015 -0.0978831 ]
904.png,[ 0.15277991 -0.37077721  0.18254367 -0.08922271]
905.png,[ 0.1855074  -0.41818368  0.20353432 -0.09184501]
906.png,[ 0.18294022 -0.40763347  0.19844751 -0.09131021]
907.png,[ 0.08237504 -0.23676322  0.12144112 -0.08097099]
908.png,[ 0.10711926 -0.24121439  0.0809041  -0.05636403]
909.png,[ 0.07956535 -0.18889292  0.05837891 -0.05373249]
910.png,[ 0.09062931 -0.19638262  0.05968298 -0.05370763]
911.png,[ 0.17488737 -0.35473283  0.14088416 -0.05846271]
912.png,[ 0.08717595 -0.19102087  0.06042436 -0.04784344]
913.png,[-0.07485471  0.17205236 -0.18346234  0.00171531]
914.png,[ 0.0871638  -0.13162624 -0.01541954 -0.02061208]
915.png,[ 0.00455851 -0.01184245 -0.0495067  -0.01974124]
916.png,[ 0.02697914 -0.04084265 -0.03639509 -0.02149629]
917.png,[-0.0955436   0.19142539 -0.15971232 -0.00299212]
918.png,[-0.03590816  0.09403487 -0.10830098 -0.01130419]
919.png,[ 0.26139245 -0.45080786  0.18005092 -0.04236164]
920.png,[ 0.08637151 -0.13153666  0.01728294 -0.01960134]
921.png,[ 0.15397279 -0.28313881  0.12192241 -0.03828915]
922.png,[ 0.05686594 -0.09705064  0.02765664 -0.02542881]
923.png,[-0.04220162  0.09464159 -0.07169439 -0.01115002]
924.png,[ 0.03203744 -0.04804875  0.01991498 -0.02641589]
925.png,[ 0.15733318 -0.26537515  0.12669939 -0.03117935]
926.png,[ 7.41333242e-02 -1.07078652e-01  2.63116337e-02  7.99109838e-05]
927.png,[ 6.60034485e-24 -1.26652208e-23  7.46288365e-24  6.12323387e-17]
928.png,[ 0.02386284 -0.00789169 -0.00890006  0.00224448]
929.png,[-0.14619385  0.27995161 -0.14724982  0.02055783]
930.png,[-0.07492159  0.18357465 -0.10861896  0.01672496]
931.png,[ 0.01077176 -0.0195546   0.0432319  -0.00931045]
932.png,[ 0.02839503 -0.02329455  0.03448131 -0.00687043]
933.png,[ 0.00571445  0.0056616   0.02912411 -0.00080848]
934.png,[ 0.09669819 -0.1695683   0.13902911 -0.01658516]
935.png,[ 0.0288315  -0.05847366  0.09632835 -0.01129152]
936.png,[ 0.00241007 -0.01199474  0.07694511 -0.00926943]
937.png,[-0.05649937  0.0686842   0.06171706 -0.01081537]
938.png,[ 0.10712901 -0.22647473  0.22341233 -0.03183302]
939.png,[-0.11217501  0.2359551  -0.07530635  0.02962132]
940.png,[-0.08999333  0.17465945 -0.02309509  0.01898555]
941.png,[-0.1214787   0.25164934 -0.07872229  0.03524376]
942.png,[-0.18757675  0.40978656 -0.19681917  0.06721539]
943.png,[-0.13084503  0.29560546 -0.11873528  0.05383498]
944.png,[-0.14374317  0.32567562 -0.13324787  0.05598705]
945.png,[-0.22315531  0.47721886 -0.21319889  0.06750986]
946.png,[-0.22685943  0.4536537  -0.17484468  0.05826899]
947.png,[-0.24180652  0.49824496 -0.20319735  0.06282939]
948.png,[-0.24505276  0.51672591 -0.21722087  0.06532163]
949.png,[-0.23978207  0.52140526 -0.223978    0.06694988]
950.png,[ 0.47005474 -0.74439652  0.49820312 -0.04217364]
951.png,[ 0.34691174 -0.52919953  0.39299626 -0.02656115]
952.png,[ 0.49304944 -0.76948425  0.51056088 -0.04376357]
953.png,[ 0.45122818 -0.68683954  0.46641394 -0.03698588]
954.png,[ 0.40235974 -0.59182891  0.41488177 -0.0294245 ]
955.png,[ 0.53787238 -0.82146131  0.52897746 -0.04634758]
956.png,[ 0.55584037 -0.84076719  0.53541064 -0.04740506]
957.png,[ 0.40536684 -0.58302105  0.4184264  -0.03553033]
958.png,[ 0.42412267 -0.59090529  0.41063601 -0.03500043]
959.png,[ 0.5935953  -0.86217624  0.53663414 -0.05239006]
960.png,[ 0.63980943 -0.9366321   0.56841217 -0.05689612]
961.png,[ 0.40680086 -0.50001731  0.33361889 -0.02079534]
962.png,[-0.54811386  1.04252552 -0.44306363  0.07564131]
963.png,[-0.43415491  0.78103439 -0.25392677  0.03180918]
964.png,[-0.39423389  0.76002036 -0.27520089  0.03871998]
965.png,[-0.4051921   0.78656479 -0.29599205  0.04263723]
966.png,[-0.29554889  0.60231799 -0.20071879  0.02673839]
967.png,[-0.4785384   0.96518006 -0.41521165  0.05746314]
968.png,[ 0.0520147   0.08136193  0.00382657 -0.00710519]
969.png,[ 0.08750005  0.01907693  0.03587114 -0.0119473 ]
970.png,[ 0.08351535  0.0302792   0.04806994 -0.03024788]
971.png,[ 0.14845773 -0.0769674   0.09706839 -0.0369111 ]
972.png,[ 0.08446986  0.04389824  0.03944881 -0.0373449 ]
973.png,[ 0.13879253 -0.0686755   0.1256009  -0.06378901]
974.png,[ 0.20102394 -0.17469307  0.17486882 -0.0700532 ]
975.png,[ 0.2302073  -0.22045834  0.19105693 -0.07170517]
976.png,[ 0.2319648  -0.18957248  0.15505703 -0.06475714]
977.png,[ 0.11683255  0.04430255  0.01628872 -0.04575529]
978.png,[ 0.14383381  0.0019276   0.0342408  -0.04774875]
979.png,[ 0.15469457 -0.0126786   0.03947312 -0.04828781]
980.png,[ 0.18689412 -0.06357053  0.06117226 -0.05080536]
981.png,[ 0.15082009 -0.02299337  0.06010375 -0.06111071]
982.png,[ 0.17138738 -0.05084883  0.07315931 -0.06271678]
983.png,[ 0.15637002 -0.01358952  0.04890359 -0.05864192]
984.png,[ 0.17021465 -0.04221826  0.06306756 -0.06072994]
985.png,[ 0.17781009 -0.0166635   0.02786881 -0.05274095]
986.png,[ 0.30887807 -0.31117805  0.24254019 -0.10277735]
987.png,[ 0.29161747 -0.27319137  0.21986819 -0.09912361]
988.png,[ 0.20415134 -0.05591703  0.04342502 -0.05454636]
989.png,[ 0.31447361 -0.30807181  0.23718255 -0.10221212]
990.png,[ 0.34863131 -0.36005461  0.26027954 -0.10510979]
991.png,[ 0.34646135 -0.35398913  0.25726524 -0.10476281]
992.png,[ 0.34645124 -0.37286092  0.2811804  -0.11009074]
993.png,[ 0.36848967 -0.40885359  0.29838196 -0.11239734]
994.png,[ 0.38478897 -0.43289481  0.30841122 -0.11359699]
995.png,[ 0.37820585 -0.42702383  0.30629298 -0.11369132]
996.png,[ 0.38124644 -0.42876632  0.30677915 -0.11375189]
997.png,[ 0.39250416 -0.44318541  0.31193236 -0.11428726]
998.png,[ 0.43414504 -0.50947978  0.34461057 -0.11891169]
999.png,[ 0.3839223  -0.41062722  0.29082659 -0.11091006]
1000.png,[ 0.40930792 -0.46547616  0.32485347 -0.11695095]
1001.png,[ 0.40334896 -0.43937856  0.30890688 -0.11372875]
1002.png,[ 0.41428128 -0.45752973  0.3170332  -0.11510358]
1003.png,[ 0.41489579 -0.43700514  0.30189052 -0.11231822]
1004.png,[ 0.45022999 -0.49852427  0.33204746 -0.11672039]
1005.png,[ 0.41484528 -0.42938898  0.29605896 -0.11170053]
1006.png,[ 0.40843135 -0.43733978  0.31045686 -0.11549301]
1007.png,[ 0.41986647 -0.43910763  0.30796244 -0.11463804]
1008.png,[ 0.46151237 -0.502059    0.33710146 -0.11856457]
1009.png,[ 0.46124105 -0.48643787  0.32293486 -0.11577997]
1010.png,[ 0.44835991 -0.46289576  0.31470927 -0.11540455]
1011.png,[ 0.28200406 -0.1087037   0.06756883 -0.06023822]
1012.png,[ 0.49557579 -0.53119451  0.34969347 -0.1206948 ]
1013.png,[ 0.30214969 -0.13721536  0.08978636 -0.06520958]
1014.png,[ 0.26491995 -0.05962985  0.04729923 -0.058999  ]
1015.png,[ 0.46308102 -0.45926232  0.31489551 -0.11696195]
1016.png,[ 0.48999766 -0.46885684  0.27603951 -0.09175116]
1017.png,[ 0.41107928 -0.33215099  0.20712571 -0.08241769]
1018.png,[ 0.47031364 -0.42803749  0.26033116 -0.09099455]
1019.png,[ 0.55636099 -0.56600153  0.31503462 -0.08922652]
1020.png,[ 0.50494892 -0.46199128  0.26028685 -0.0819295 ]
1021.png,[ 0.51997043 -0.49077085  0.27589175 -0.08414684]
1022.png,[ 0.54358375 -0.53093566  0.30286185 -0.08842058]
1023.png,[ 0.67038725 -0.78277641  0.45667781 -0.11190259]
1024.png,[ 0.64530819 -0.72186452  0.42077793 -0.10631569]
1025.png,[ 0.66247724 -0.7322008   0.42097131 -0.10519362]
1026.png,[ 0.63214967 -0.70522591  0.42460145 -0.10843982]
1027.png,[ 0.65224879 -0.72781155  0.43605932 -0.10985556]
1028.png,[ 0.66444689 -0.7302966   0.43225595 -0.10852466]
1029.png,[ 0.6252549  -0.66314346  0.40664695 -0.10635951]
1030.png,[ 0.74153431 -0.88405652  0.54003698 -0.12670924]
1031.png,[ 0.81594664 -1.02012399  0.60359489 -0.12840936]
1032.png,[ 0.7909905  -0.96752894  0.581608   -0.12560356]
1033.png,[ 0.58890321 -0.5426154   0.30971736 -0.07193702]
1034.png,[ 0.64726942 -0.64891657  0.37459365 -0.08119342]
1035.png,[ 0.6226627  -0.62745153  0.37405555 -0.08211263]
1036.png,[ 0.7004598  -0.75102268  0.43989673 -0.09196292]
1037.png,[ 0.65503521 -0.65868202  0.37995767 -0.08106473]
1038.png,[ 0.62215577 -0.53427938  0.25060784 -0.03474851]
1039.png,[ 0.74412084 -0.74942057  0.37259177 -0.05312377]
1040.png,[ 0.77375629 -0.80622053  0.41114328 -0.05879462]
1041.png,[ 0.72645943 -0.71733586  0.36904114 -0.05444857]
1042.png,[ 0.70661398 -0.6864613   0.35946757 -0.05370247]
1043.png,[ 0.70950475 -0.66518     0.3386518  -0.05024386]
1044.png,[ 1.00169231 -1.21242266  0.64053202 -0.0881352 ]
1045.png,[ 0.96347613 -1.15026173  0.61177112 -0.08370683]
1046.png,[ 0.94635791 -1.13434935  0.59994884 -0.0820885 ]
1047.png,[ 1.00861169 -1.23219673  0.64601755 -0.08827571]
1048.png,[ 1.06353475 -1.30597887  0.68090593 -0.09346414]
1049.png,[ 1.05555724 -1.29046119  0.6750196  -0.09132838]
1050.png,[ 1.08560196 -1.34143174  0.70084273 -0.09556853]
1051.png,[ 1.03493581 -1.27342904  0.67047495 -0.09193329]
1052.png,[ 1.07089793 -1.3378365   0.7039032  -0.09677141]
1053.png,[ 1.07089793 -1.3378365   0.7039032  -0.09677141]
1054.png,[ 1.07089793 -1.3378365   0.7039032  -0.09677141]
1055.png,[ 1.0689842  -1.33328417  0.69820708 -0.09653127]
1056.png,[ 1.07078706 -1.33448823  0.69655131 -0.09541437]
1057.png,[ 1.0689842  -1.33328417  0.69820708 -0.09653127]
1058.png,[ 1.08771786 -1.36502689  0.71708066 -0.09859473]
1059.png,[ 1.10664734 -1.39476229  0.72829992 -0.10073793]
1060.png,[ 1.07089793 -1.3378365   0.7039032  -0.09677141]
1061.png,[ 1.03363723 -1.26991269  0.6652763  -0.09175876]
1062.png,[ 1.09039914 -1.36459734  0.71180242 -0.09819649]
1063.png,[ 1.07103686 -1.33096185  0.69515975 -0.09593623]
1064.png,[ 1.11077019 -1.39906755  0.73204063 -0.10045523]
1065.png,[ 1.10915873 -1.40028657  0.73447013 -0.10104411]
1066.png,[ 1.11077019 -1.39906755  0.73204063 -0.10045523]
1067.png,[ 0.93968443 -1.09554151  0.58221607 -0.08766308]
1068.png,[ 1.11077019 -1.39906755  0.73204063 -0.10045523]
1069.png,[ 1.10664734 -1.39476229  0.72829992 -0.10073793]
1070.png,[ 1.10664734 -1.39476229  0.72829992 -0.10073793]
1071.png,[ 1.10896885 -1.39679262  0.72844978 -0.10064323]
1072.png,[ 1.11077019 -1.39906755  0.73204063 -0.10045523]
1073.png,[ 1.10854706 -1.3941092   0.72619176 -0.10019984]
1074.png,[ 1.11077019 -1.39906755  0.73204063 -0.10045523]
1075.png,[ 1.10854706 -1.3941092   0.72619176 -0.10019984]
1076.png,[ 1.06730939 -1.31799301  0.688403   -0.09391845]
1077.png,[ 1.07315177 -1.33070234  0.69326308 -0.09543009]
1078.png,[ 1.10705521 -1.39305289  0.72914946 -0.10006209]
1079.png,[ 1.13621671 -1.43944126  0.75129737 -0.10308493]
1080.png,[ 1.08651871 -1.35443903  0.70562443 -0.09723422]
1081.png,[ 1.133642   -1.43392936  0.74518488 -0.10279338]
1082.png,[ 1.09383039 -1.36108792  0.70661262 -0.09709975]
1083.png,[ 1.10854706 -1.3941092   0.72619176 -0.10019984]
1084.png,[ 1.08771786 -1.36502689  0.71708066 -0.09859473]
1085.png,[ 0.83388795 -0.87812427  0.44194364 -0.0650281 ]
1086.png,[ 0.88662734 -0.97530894  0.49084094 -0.07112887]
1087.png,[ 0.8761504  -0.96534667  0.48310238 -0.06920513]
1088.png,[ 0.98034749 -1.16323341  0.63045414 -0.11083301]
1089.png,[ 0.88311194 -1.01899836  0.56344296 -0.11080653]
1090.png,[ 1.04766935 -1.38815244  0.81369794 -0.16363842]
1091.png,[ 1.02438785 -1.27509324  0.70890589 -0.14351618]
1092.png,[ 0.96546868 -1.15834186  0.6460885  -0.14056758]
1093.png,[ 0.97384295 -1.19058977  0.66347621 -0.14296348]
1094.png,[ 0.88307228 -1.00183755  0.53535245 -0.12182238]
1095.png,[ 0.84163155 -0.95704301  0.5123882  -0.11945796]
1096.png,[ 0.9233971  -1.07895052  0.56871875 -0.12711657]
1097.png,[ 0.89269982 -1.0690921   0.61426341 -0.16063378]
1098.png,[ 0.84156412 -1.01256757  0.58680394 -0.15713265]
1099.png,[ 0.8785351  -1.07309576  0.60546962 -0.15789023]
1100.png,[ 0.91404399 -1.11621532  0.62089008 -0.15844004]
1101.png,[ 0.83117612 -0.94850823  0.51312451 -0.1435733 ]
1102.png,[ 0.83471516 -0.97077677  0.52026382 -0.14229461]
1103.png,[ 0.84773147 -0.98845097  0.52499573 -0.14253214]
1104.png,[ 0.88815923 -1.06844679  0.55775866 -0.14533263]
1105.png,[ 0.72088721 -0.76912243  0.39484563 -0.12419461]
1106.png,[ 0.79782987 -0.88005162  0.43330554 -0.12723619]
1107.png,[ 0.85247895 -0.99804542  0.49835282 -0.13677186]
1108.png,[ 0.87709626 -1.04669229  0.51881234 -0.13879808]
1109.png,[ 0.7528506  -0.85248448  0.43652202 -0.13709941]
1110.png,[ 0.77541671 -0.91562716  0.47032845 -0.14241864]
1111.png,[ 0.65589952 -0.66098096  0.3099826  -0.11710353]
1112.png,[ 0.67020191 -0.69124507  0.3286356  -0.1205797 ]
1113.png,[ 0.67558956 -0.70403129  0.33055275 -0.11981638]
1114.png,[ 0.67956937 -0.72438031  0.34077593 -0.12095702]
1115.png,[ 0.71549986 -0.77748695  0.36536039 -0.12453522]
1116.png,[ 0.65720268 -0.71417847  0.34278198 -0.12232537]
1117.png,[ 0.70059919 -0.78349747  0.37542949 -0.12586956]
1118.png,[ 0.67911134 -0.74705856  0.3503673  -0.12158614]
1119.png,[ 0.70592318 -0.78694801  0.36892858 -0.12385086]
1120.png,[ 0.72033535 -0.84190074  0.40374847 -0.12942833]
1121.png,[ 0.54092712 -0.50199139  0.21390341 -0.10216255]
1122.png,[ 0.4773399  -0.40084929  0.17830015 -0.10630694]
1123.png,[ 0.56780555 -0.56317786  0.24518543 -0.10629484]
1124.png,[ 0.63438158 -0.69061837  0.31549156 -0.1168736 ]
1125.png,[ 0.56856821 -0.58661105  0.26365198 -0.10947433]
1126.png,[ 0.60284612 -0.637351    0.28737141 -0.11206772]
1127.png,[ 0.53753451 -0.5416997   0.24639103 -0.10758735]
1128.png,[ 0.57933552 -0.61984715  0.2856184  -0.1124412 ]
1129.png,[ 0.69795766 -0.87608536  0.44259195 -0.13568408]
1130.png,[ 0.52548162 -0.56045321  0.2664889  -0.11143818]
1131.png,[ 0.51936628 -0.53773475  0.25077207 -0.10806661]
1132.png,[ 0.5072322  -0.53313974  0.25466024 -0.10931404]
1133.png,[ 0.53157062 -0.56968561  0.27354748 -0.1120513 ]
1134.png,[ 0.42754195 -0.40275509  0.18877705 -0.09925338]
1135.png,[ 0.54604065 -0.65121565  0.34005061 -0.12162028]
1136.png,[ 0.54802021 -0.64257082  0.33343814 -0.12039433]
1137.png,[ 0.456985   -0.48989314  0.25810032 -0.10990347]
1138.png,[ 0.4609501  -0.50617388  0.27246456 -0.11222087]
1139.png,[ 0.37606543 -0.35462489  0.18843731 -0.09714318]
1140.png,[ 0.3713889  -0.38019217  0.22569722 -0.10577155]
1141.png,[ 0.37250856 -0.37907883  0.2261916  -0.10586984]
1142.png,[ 0.33304076 -0.32127004  0.19894938 -0.10232925]
1143.png,[ 0.29611754 -0.2637537   0.17260836 -0.09892639]
1144.png,[ 0.39619685 -0.43224512  0.24261513 -0.09965784]
1145.png,[-0.35859627  0.89754005 -0.41679898 -0.0052092 ]
1146.png,[ 0.48223561 -0.61029335  0.35074439 -0.11365012]
1147.png,[ 0.44273118 -0.55024789  0.32338991 -0.11039188]
1148.png,[ 0.42315493 -0.51578178  0.30592765 -0.10793286]
1149.png,[ 0.41309651 -0.5006613   0.30085675 -0.10758271]
1150.png,[ 0.39552848 -0.46710934  0.28330159 -0.10500459]
1151.png,[ 0.23036633 -0.11201691  0.03994883 -0.05126519]
1152.png,[ 0.33408819 -0.35565813  0.22957302 -0.0977308 ]
1153.png,[ 0.16431946 -0.02412953  0.02050964 -0.05202562]
1154.png,[ 0.21437338 -0.12071591  0.07304149 -0.05887651]
1155.png,[ 0.32385105 -0.34079889  0.20423192 -0.07784407]
1156.png,[ 0.34910355 -0.37220504  0.19955566 -0.0668087 ]
1157.png,[ 0.32570232 -0.33830995  0.18883344 -0.06623609]
1158.png,[ 0.32641375 -0.36929125  0.22738745 -0.07436706]
1159.png,[ 0.25539614 -0.2514344   0.17170684 -0.06649135]
1160.png,[ 0.26725118 -0.27128993  0.18424549 -0.06741477]
1161.png,[ 0.35172878 -0.45146461  0.29729531 -0.08426009]
1162.png,[ 0.17209057 -0.08907583  0.0662599  -0.03799977]
1163.png,[ 0.14568613 -0.07453779  0.08128104 -0.04268473]
1164.png,[ 0.12613755 -0.04560149  0.07093444 -0.04172871]
1165.png,[ 0.14388085 -0.0594871   0.05500034 -0.02775001]
1166.png,[ 0.22789563 -0.24634718  0.17787761 -0.04713077]
1167.png,[ 0.08126098  0.07319064 -0.0512487   0.00667507]
1168.png,[ 0.1924601  -0.19323139  0.15340949 -0.04292517]
1169.png,[ 0.03878162  0.14058101 -0.0828876   0.01081963]
1170.png,[ 0.02606296  0.1201514  -0.04453772  0.0016816 ]
1171.png,[-0.48670933  0.96693104 -0.43626805  0.05399245]
1172.png,[ 0.01519602  0.12865909 -0.04286476  0.00075116]
1173.png,[ 0.43945462 -0.51411731  0.32061908 -0.05188581]
1174.png,[ 0.37509825 -0.42283567  0.28150271 -0.04678352]
1175.png,[ 0.62093307 -0.87969107  0.52214315 -0.08308128]
1176.png,[ 0.51877589 -0.70392306  0.43196545 -0.06949245]
1177.png,[ 0.37309138 -0.46340127  0.3157875  -0.05260752]
1178.png,[ 0.60393276 -0.89596451  0.54886391 -0.0883071 ]
1179.png,[ 0.46497469 -0.62804399  0.37925693 -0.04904915]
1180.png,[ 0.64637045 -0.97312354  0.56535507 -0.07779884]
1181.png,[ 0.49675016 -0.70563066  0.42480523 -0.05625197]
1182.png,[ 0.61972718 -0.94526276  0.55616726 -0.07659847]
1183.png,[ 0.39831607 -0.55953116  0.3593307  -0.04709304]
1184.png,[ 0.08170539 -0.06933166  0.08465325 -0.0102227 ]
1185.png,[ 0.05894156 -0.04211677  0.0753487  -0.00938484]
1186.png,[ 0.04201181 -0.01680599  0.06447875 -0.00800496]
1187.png,[ 0.05937554 -0.04662646  0.07721222 -0.00923026]
1188.png,[ 0.06746478 -0.06721728  0.08824535 -0.01078637]
1189.png,[ 0.09402705 -0.1215064   0.11664083 -0.01466103]
1190.png,[ 0.10831786 -0.1671178   0.14646072 -0.02045327]
1191.png,[-0.15365328  0.29939504 -0.0871067   0.00357322]
1192.png,[-0.18395525  0.37502079 -0.14956026  0.01581877]
1193.png,[-0.07180959  0.17345399 -0.04608541  0.00136368]
1194.png,[-0.0714244   0.16679846 -0.04082363  0.00033863]
1195.png,[-0.17764723  0.33773625 -0.12542841  0.01156629]
1196.png,[-0.13105487  0.25023666 -0.08074977  0.00531774]
1197.png,[-0.07089739  0.17215016 -0.06708334  0.00729039]
1198.png,[ 0.04584216 -0.04992592  0.04724942 -0.00859947]
1199.png,[ 0.02206758 -0.00979843  0.02593076 -0.00547826]
1200.png,[ 0.00428875 -0.00583311  0.03460412 -0.00791592]
1201.png,[ 0.08702887 -0.13469614  0.10729701 -0.03302422]
1202.png,[-0.04179689  0.04313563  0.05291344 -0.03868377]
1203.png,[ 0.12616664 -0.23885153  0.18653199 -0.05596524]
1204.png,[ 0.24726575 -0.49420584  0.34912323 -0.09027124]
1205.png,[ 0.07791961 -0.1480256   0.12637666 -0.04604597]
1206.png,[ 0.09204767 -0.21518366  0.19082349 -0.05928019]
1207.png,[ 0.10717949 -0.19735334  0.15208491 -0.04970276]
1208.png,[ 0.09854163 -0.17633393  0.13612605 -0.04621606]
1209.png,[ 0.13158681 -0.28057249  0.22319798 -0.06369168]
1210.png,[ 0.31018272 -0.64615159  0.45886669 -0.11061197]
1211.png,[ 0.28825082 -0.60310162  0.43281117 -0.10578538]
1212.png,[ 0.11954356 -0.25539878  0.20650481 -0.06023232]
1213.png,[ 0.09854163 -0.17633393  0.13612605 -0.04621606]
1214.png,[ 0.11954356 -0.25539878  0.20650481 -0.06023232]
1215.png,[ 0.11954356 -0.25539878  0.20650481 -0.06023232]
1216.png,[ 0.11058488 -0.20150765  0.15281922 -0.04967541]
1217.png,[ 0.09854163 -0.17633393  0.13612605 -0.04621606]
1218.png,[ 0.11954356 -0.25539878  0.20650481 -0.06023232]
1219.png,[ 0.09854163 -0.17633393  0.13612605 -0.04621606]
1220.png,[ 0.11954356 -0.25539878  0.20650481 -0.06023232]
1221.png,[ 0.28825082 -0.60310162  0.43281117 -0.10578538]
1222.png,[ 0.07453747 -0.14384872  0.12560681 -0.04606746]
1223.png,[ 0.11706812 -0.21522956  0.16144725 -0.05106999]
1224.png,[ 0.13807007 -0.29429445  0.23182604 -0.06508626]
1225.png,[ 0.11954356 -0.25539878  0.20650481 -0.06023232]
1226.png,[ 0.31018272 -0.64615159  0.45886669 -0.11061197]
1227.png,[ 0.12169816 -0.26269622  0.21383562 -0.06232444]
1228.png,[ 0.27713753 -0.54191302  0.37179476 -0.09313635]
1229.png,[ 0.14286741 -0.32038939  0.27273264 -0.08402071]
1230.png,[ 0.28825082 -0.60310162  0.43281117 -0.10578538]
1231.png,[ 0.31666595 -0.65987349  0.46749471 -0.11200654]
1232.png,[ 0.11954356 -0.25539878  0.20650481 -0.06023232]
1233.png,[ 0.09854163 -0.17633393  0.13612605 -0.04621606]
1234.png,[ 0.09854163 -0.17633393  0.13612605 -0.04621606]
1235.png,[ 0.11954356 -0.25539878  0.20650481 -0.06023232]
1236.png,[ 0.1096549  -0.23752248  0.19714244 -0.05886509]
1237.png,[ 0.07986602 -0.18970695  0.17391743 -0.0557733 ]
1238.png,[ 0.08865301 -0.15845773  0.12676373 -0.04484883]
1239.png,[ 0.1096549  -0.23752248  0.19714244 -0.05886509]
1240.png,[ 0.28362081 -0.55563501  0.38042283 -0.09453093]
1241.png,[ 0.12602674 -0.26912057  0.21513277 -0.06162689]
1242.png,[ 0.11954356 -0.25539878  0.20650481 -0.06023232]
1243.png,[ 0.1096549  -0.23752248  0.19714244 -0.05886509]
1244.png,[ 0.08865301 -0.15845773  0.12676373 -0.04484883]
1245.png,[ 0.1096549  -0.23752248  0.19714244 -0.05886509]
1246.png,[ 0.11954356 -0.25539878  0.20650481 -0.06023232]
1247.png,[ 0.1096549  -0.23752248  0.19714244 -0.05886509]
1248.png,[ 0.11954356 -0.25539878  0.20650481 -0.06023232]
1249.png,[ 0.29813943 -0.62097781  0.44217349 -0.10715261]
1250.png,[ 0.11954356 -0.25539878  0.20650481 -0.06023232]
1251.png,[ 0.1096549  -0.23752248  0.19714244 -0.05886509]
1252.png,[ 0.30462271 -0.6346998   0.45080156 -0.10854719]
1253.png,[ 0.09854163 -0.17633393  0.13612605 -0.04621606]
1254.png,[ 0.12602674 -0.26912057  0.21513277 -0.06162689]
1255.png,[ 0.08865301 -0.15845773  0.12676373 -0.04484883]
1256.png,[ 0.1096549  -0.23752248  0.19714244 -0.05886509]
1257.png,[ 0.1096549  -0.23752248  0.19714244 -0.05886509]
1258.png,[ 0.1096549  -0.23752248  0.19714244 -0.05886509]
1259.png,[ 0.13807007 -0.29429445  0.23182604 -0.06508626]
1260.png,[ 0.11954356 -0.25539878  0.20650481 -0.06023232]
1261.png,[ 0.1096549  -0.23752248  0.19714244 -0.05886509]
1262.png,[ 0.1096549  -0.23752248  0.19714244 -0.05886509]
1263.png,[ 0.12818141 -0.27641815  0.22246366 -0.06371902]
1264.png,[ 0.27373217 -0.53775877  0.37106049 -0.0931637 ]
1265.png,[ 0.28825082 -0.60310162  0.43281117 -0.10578538]
1266.png,[ 0.11954356 -0.25539878  0.20650481 -0.06023232]
