-3.741770172119140625e+01,-2.793408203125000000e+01
-5.874966430664062500e+01,-2.817631835937500000e+02
-1.053669586181640625e+02,-6.174428176879882812e+01
2.511179656982421875e+02,-8.807990112304687500e+02
-6.496597290039062500e+01,-2.733174438476562500e+02
-5.924754714965820312e+01,-2.795671081542968750e+02
-1.558986206054687500e+02,-1.357336730957031250e+02
-1.213613510131835938e+02,-6.171144866943359375e+01
-5.985163116455078125e+01,-2.767044067382812500e+02
-5.596774291992187500e+01,-2.796742248535156250e+02
-6.143445587158203125e+01,-2.750390930175781250e+02
-4.137125244140625000e+02,-7.010366058349609375e+01
-1.802932281494140625e+02,-8.972248840332031250e+01
-3.551451873779296875e+01,-6.449899291992187500e+01
3.279427795410156250e+02,-9.809132690429687500e+02
1.387567138671875000e+02,-4.557521972656250000e+02
-3.646365737915039062e+01,-2.753731727600097656e+01
-2.200389099121093750e+01,-1.100045013427734375e+02
-1.321893157958984375e+02,-9.078659057617187500e+01
-5.573480606079101562e+01,-1.572373867034912109e+01
4.802103271484375000e+02,-6.213732299804687500e+02
-5.726943206787109375e+01,-2.802517395019531250e+02
-1.087299270629882812e+02,-6.692267608642578125e+01
1.206141815185546875e+02,-7.185064086914062500e+02
-8.865339660644531250e+01,-2.962371826171875000e+02
-4.222214126586914062e+01,-2.768713188171386719e+01
-5.855909729003906250e+01,-2.775423889160156250e+02
-1.042036590576171875e+02,-5.688672637939453125e+01
-7.916956176757812500e+02,1.439799118041992188e+01
-5.825020980834960938e+01,-2.765311279296875000e+02
-1.327727661132812500e+02,-1.014840621948242188e+02
-1.234381713867187500e+02,-2.418973541259765625e+02
-5.979779052734375000e+01,-2.802622985839843750e+02
-5.667312240600585938e+01,-2.823212280273437500e+02
-6.046181869506835938e+01,-2.755241394042968750e+02
1.001356124877929688e+02,-7.207913818359375000e+02
-4.604469680786132812e+01,-1.762672996520996094e+01
-5.985274124145507812e+01,-2.822402343750000000e+02
-3.611054992675781250e+01,-1.884728813171386719e+01
-9.631996917724609375e+01,-6.229500961303710938e+01
1.402804260253906250e+02,-9.346021118164062500e+02
4.009356994628906250e+02,-1.086708251953125000e+03
-1.084375076293945312e+02,-1.223597488403320312e+02
1.043827819824218750e+02,-7.250393066406250000e+02
-5.741957473754882812e+01,-2.789428710937500000e+02
3.268037414550781250e+02,-9.894951171875000000e+02
2.219041061401367188e+01,-3.311607971191406250e+02
4.754104995727539062e+01,-5.663861694335937500e+02
-8.327632904052734375e+01,-3.460171890258789062e+01
-5.630364227294921875e+01,-2.777905578613281250e+02
2.712815856933593750e+01,-3.790647888183593750e+02
4.769673461914062500e+02,-6.157020874023437500e+02
-5.757286071777343750e+01,-2.794038085937500000e+02
-1.607779388427734375e+02,-1.075462493896484375e+02
-2.272015838623046875e+02,-3.531253051757812500e+01
-5.445642471313476562e+01,-2.793821411132812500e+02
-7.523925781250000000e+01,-3.688373947143554688e+01
-5.577051162719726562e+01,-2.801930847167968750e+02
-3.277542495727539062e+01,-1.547369480133056641e+01
-7.168173980712890625e+01,-7.853639984130859375e+01
-5.934949111938476562e+01,-2.783298034667968750e+02
1.296730957031250000e+02,-6.516693115234375000e+01
-5.789164733886718750e+01,-2.789844665527343750e+02
-3.540487670898437500e+02,-1.110158634185791016e+01
4.527698898315429688e+01,-3.578720397949218750e+02
-6.114397811889648438e+01,-2.820471191406250000e+02
-6.755949497222900391e+00,-6.607699584960937500e+01
-5.631881332397460938e+01,-2.807947082519531250e+02
-7.739619445800781250e+01,-2.650687599182128906e+01
-4.179890747070312500e+02,-7.654155731201171875e+01
1.430285034179687500e+02,-1.147646240234375000e+03
-6.605293579101562500e+02,-2.421957397460937500e+01
-5.836890029907226562e+01,-2.809121398925781250e+02
-3.166948318481445312e+01,-1.885392951965332031e+01
-7.850019531250000000e+02,1.379541015625000000e+01
-6.232873535156250000e+01,-1.049192428588867188e+02
4.537953796386718750e+02,-1.052387237548828125e+02
-1.181480560302734375e+02,-7.614456176757812500e+01
-4.759723205566406250e+02,-1.863699340820312500e+02
-1.118369293212890625e+02,-6.458186340332031250e+01
2.763598937988281250e+02,-7.277673950195312500e+02
-1.681177368164062500e+02,-1.125038070678710938e+02
-7.403553771972656250e+01,-4.402595520019531250e+01
-6.047162246704101562e+01,-9.663458251953125000e+01
-9.316995239257812500e+01,-8.308511352539062500e+01
-2.093705139160156250e+02,-1.794051666259765625e+02
-2.059026336669921875e+01,-3.224241333007812500e+02
5.960234069824218750e+01,-6.300823974609375000e+02
-3.521346130371093750e+02,-1.924460144042968750e+02
-5.704250717163085938e+01,-2.816175231933593750e+02
-1.480442504882812500e+02,-1.261987152099609375e+02
-1.448866577148437500e+02,-1.145514831542968750e+02
-1.233754501342773438e+02,-7.166407775878906250e+01
1.432051849365234375e+02,-1.147244628906250000e+03
-3.888214416503906250e+02,-7.890025329589843750e+01
-5.718894958496093750e+01,-2.754416503906250000e+02
-5.461054611206054688e+01,-2.782427062988281250e+02
4.064233093261718750e+02,-1.092404418945312500e+03
1.003439407348632812e+02,-7.197892456054687500e+02
-4.662260055541992188e+01,-1.446347961425781250e+02
2.037037963867187500e+02,-5.741248779296875000e+02
-5.863458251953125000e+01,-2.764837341308593750e+02
-5.821727752685546875e+01,-1.108885955810546875e+02
-5.929851913452148438e+01,-2.813498840332031250e+02
-1.053564071655273438e+02,-1.041108474731445312e+02
4.439355163574218750e+02,-7.982736968994140625e+01
-2.683058166503906250e+02,-1.673813934326171875e+02
-1.071457138061523438e+02,-1.128647994995117188e+02
4.118498840332031250e+02,-1.100593994140625000e+03
-1.136883010864257812e+02,-6.407686614990234375e+01
-5.931970214843750000e+01,-2.778189392089843750e+02
3.701731262207031250e+02,-6.593774414062500000e+01
-5.629633331298828125e+01,-2.821204833984375000e+02
-5.812134552001953125e+01,-2.777552185058593750e+02
3.348662414550781250e+02,-9.875671386718750000e+02
-1.583135986328125000e+02,-1.131270675659179688e+02
-5.018169021606445312e+01,-6.143672561645507812e+01
2.830017700195312500e+02,-7.412265625000000000e+02
-5.590270614624023438e+01,-2.860381469726562500e+02
-3.414030075073242188e+01,-2.307018661499023438e+01
-7.464276123046875000e+01,-4.293596267700195312e+01
-7.496977996826171875e+01,-6.060953521728515625e+01
-7.692726898193359375e+01,-9.643948364257812500e+01
-1.127810745239257812e+02,-6.663353729248046875e+01
-1.425872497558593750e+02,-9.444358825683593750e+01
-5.609133148193359375e+01,-2.796860656738281250e+02
-1.178596138954162598e+00,-1.290474700927734375e+02
1.412271728515625000e+02,-1.147539062500000000e+03
-5.589530563354492188e+01,-2.816099548339843750e+02
-6.026097869873046875e+01,-2.806605224609375000e+02
-2.315713653564453125e+02,-1.854130859375000000e+02
-9.108378601074218750e+01,-1.194277496337890625e+02
8.913622283935546875e+01,-6.442530517578125000e+02
-4.309746170043945312e+01,-2.674137306213378906e+01
-3.817969512939453125e+01,-1.592185688018798828e+01
-6.464265441894531250e+01,-2.171634101867675781e+01
1.070857925415039062e+02,-7.335435791015625000e+02
-8.014720678329467773e-02,-2.497711334228515625e+02
-5.908390045166015625e+01,-2.778432312011718750e+02
-1.296085968017578125e+02,-5.183852386474609375e+01
-9.187726974487304688e+00,-1.127180786132812500e+02
-6.550585937500000000e+01,-1.850984573364257812e+01
-5.782624435424804688e+01,-2.795725708007812500e+02
9.606883239746093750e+01,-7.146150512695312500e+02
-3.134486961364746094e+01,-1.775292205810546875e+01
4.430209636688232422e+00,-3.599280090332031250e+02
-3.459787597656250000e+02,-8.315356445312500000e+01
-5.761782073974609375e+01,-2.782333679199218750e+02
-5.716091918945312500e+01,-2.830515136718750000e+02
-1.446898345947265625e+02,-9.753203582763671875e+01
5.118413543701171875e+01,-5.616142578125000000e+02
2.763132934570312500e+02,-9.054299316406250000e+02
-1.035197448730468750e+02,-6.683414459228515625e+01
-7.590689086914062500e+01,-1.231035461425781250e+02
4.901471328735351562e+01,-5.482957153320312500e+02
-1.779331359863281250e+02,-1.022576675415039062e+02
-3.842356567382812500e+02,-1.129857254028320312e+01
-8.783710479736328125e+01,-2.023456954956054688e+01
-4.807859420776367188e+01,-1.686293792724609375e+01
-1.070465469360351562e+02,-6.122185134887695312e+01
-3.330078125000000000e+01,-1.784197998046875000e+01
1.734224395751953125e+02,-1.141792114257812500e+03
-8.882796478271484375e+01,-8.313462066650390625e+01
-2.922419929504394531e+01,-1.458725738525390625e+01
-5.546560287475585938e+01,-2.856693725585937500e+02
-3.405047225952148438e+01,-5.558307266235351562e+01
-1.078266754150390625e+02,-1.110008239746093750e+02
-6.873403930664062500e+01,-2.338800621032714844e+01
-5.730430984497070312e+01,-2.798935546875000000e+02
-5.558447647094726562e+01,-2.876756286621093750e+02
3.291573486328125000e+02,-9.823835449218750000e+02
-1.156133193969726562e+02,-9.688484954833984375e+01
-6.113185882568359375e+01,-2.767522583007812500e+02
4.224427413940429688e+01,-5.295548706054687500e+02
4.251962890625000000e+02,-1.098006469726562500e+03
-3.909664154052734375e+01,-2.495150604248046875e+02
-1.478231048583984375e+02,-1.293518524169921875e+02
1.264063415527343750e+02,-6.765625000000000000e+02
-3.229956054687500000e+01,-1.591446018218994141e+01
4.290976562500000000e+02,-1.097248901367187500e+03
2.600704956054687500e+02,-5.028319396972656250e+02
-5.949655761718750000e+02,-3.617685317993164062e+01
-3.900246810913085938e+01,-2.574489402770996094e+01
-3.241695404052734375e+01,-1.886502456665039062e+01
-1.814888000488281250e+02,-1.625556030273437500e+02
-1.038478698730468750e+02,-6.349285125732421875e+01
3.734586791992187500e+02,-6.922605133056640625e+01
9.004768371582031250e+00,-3.773829956054687500e+02
-5.598383712768554688e+01,-2.748218688964843750e+02
7.024279022216796875e+01,-1.195901718139648438e+02
-5.573082733154296875e+01,-1.578864574432373047e+01
-5.716008758544921875e+01,-2.782143249511718750e+02
-5.868916320800781250e+01,-2.779021606445312500e+02
-1.165433120727539062e+02,-7.033936309814453125e+01
-6.105590820312500000e+01,-2.715642089843750000e+02
-5.724602890014648438e+01,-2.796688537597656250e+02
3.097832336425781250e+02,-5.278798828125000000e+02
-6.015256118774414062e+01,-2.757878723144531250e+02
-5.576089096069335938e+01,-2.826538391113281250e+02
-6.151956176757812500e+01,-2.777442932128906250e+02
-5.723853302001953125e+01,-2.751098937988281250e+02
-5.547772216796875000e+01,-2.815643920898437500e+02
4.574039611816406250e+02,-6.173809204101562500e+02
-1.087631378173828125e+02,-1.140294265747070312e+02
-5.969195938110351562e+01,-2.800970153808593750e+02
3.278241882324218750e+02,-9.932507324218750000e+02
3.499310913085937500e+02,-1.016802551269531250e+03
-5.736961746215820312e+01,-1.227224044799804688e+02
-3.151092338562011719e+01,-1.629575347900390625e+01
2.896694030761718750e+02,-5.177489013671875000e+02
-6.283790588378906250e+01,-2.752928161621093750e+02
1.774194335937500000e+01,-3.347011108398437500e+02
-3.293666839599609375e+01,-2.119107208251953125e+02
-1.498846282958984375e+02,-1.109773559570312500e+02
-1.424636230468750000e+02,-7.949755096435546875e+01
1.799695587158203125e+02,-7.264542846679687500e+02
2.450057220458984375e+02,-8.044400024414062500e+02
-5.880498504638671875e+01,-2.764493103027343750e+02
-3.748732299804687500e+02,-8.956173896789550781e+00
4.657775497436523438e+01,-5.246955566406250000e+02
4.754325256347656250e+02,-9.761106109619140625e+01
4.046720275878906250e+02,-1.084158569335937500e+03
-5.509936141967773438e+01,-2.786396179199218750e+02
-4.841717529296875000e+01,-3.350991821289062500e+01
1.471365356445312500e+02,-1.145994873046875000e+03
-1.182390899658203125e+02,-7.221850585937500000e+01
-5.736554718017578125e+01,-2.754981079101562500e+02
-1.866746902465820312e+01,-1.543908843994140625e+02
1.071438903808593750e+02,-7.224891967773437500e+02
-8.015582275390625000e+01,-6.394471359252929688e+01
-7.696380615234375000e+02,5.780418395996093750e+00
-2.303793029785156250e+02,-5.758123397827148438e+01
-8.470836639404296875e+01,-9.480517578125000000e+01
-6.501213836669921875e+01,-2.737635192871093750e+02
3.418577575683593750e+02,-9.948583984375000000e+02
-1.886088409423828125e+02,-1.411341094970703125e+02
-4.417870330810546875e+01,-1.953055000305175781e+01
3.210423889160156250e+02,-9.830187988281250000e+02
-1.056972122192382812e+02,-6.391709136962890625e+01
-2.010990753173828125e+02,-1.090376815795898438e+02
-1.064201660156250000e+02,-4.905324935913085938e+01
2.645531921386718750e+02,-8.958562622070312500e+02
-6.549234771728515625e+01,-2.701783752441406250e+02
-6.050465011596679688e+01,-2.758632507324218750e+02
-7.908170318603515625e+01,-7.847451019287109375e+01
-1.061528167724609375e+02,-4.798280715942382812e+01
-1.671396789550781250e+02,-7.772022247314453125e+01
-1.099188537597656250e+02,-9.295894622802734375e+01
-7.953605957031250000e+02,1.469875335693359375e+01
-1.461054534912109375e+02,-9.916438293457031250e+01
-9.710509490966796875e+01,-5.805762481689453125e+01
-1.541624603271484375e+02,-9.058401489257812500e+01
-1.270619277954101562e+02,-9.110667419433593750e+01
-3.903511962890625000e+02,-8.313681030273437500e+01
-4.190469970703125000e+02,-1.436752929687500000e+02
4.815672607421875000e+02,-1.023730621337890625e+02
-6.053268051147460938e+01,-2.784117736816406250e+02
-1.230727615356445312e+02,-1.132971115112304688e+02
4.218069763183593750e+02,-1.094524291992187500e+03
3.901022644042968750e+02,-7.205230712890625000e+01
-5.862163162231445312e+01,-2.789666442871093750e+02
-1.846916961669921875e+02,-9.202005004882812500e+01
3.905390014648437500e+02,-5.557981567382812500e+02
-5.774326324462890625e+01,-2.766862182617187500e+02
-4.131539306640625000e+02,-7.360653686523437500e+01
2.227547760009765625e+02,-3.560755538940429688e+01
2.287412109375000000e+02,-5.968218383789062500e+02
-3.809174804687500000e+02,-1.035386943817138672e+01
6.294912338256835938e+01,-4.744633178710937500e+02
-7.936477050781250000e+02,1.462863826751708984e+01
-5.384679412841796875e+01,-2.819982910156250000e+02
-7.532954406738281250e+01,-8.003499603271484375e+01
2.755917968750000000e+02,-7.255791015625000000e+02
-6.297870254516601562e+01,-2.743686523437500000e+02
-9.627066040039062500e+01,-8.265770721435546875e+01
1.230646438598632812e+02,-6.917575683593750000e+02
-8.981382751464843750e+01,-3.680811309814453125e+01
-6.431961822509765625e+01,-2.718995971679687500e+02
9.157500267028808594e+00,-3.409440002441406250e+02
-5.760727310180664062e+01,-2.737247009277343750e+02
4.328746032714843750e+02,-5.988152465820312500e+02
-5.904550933837890625e+01,-2.737131042480468750e+02
-5.826242065429687500e+01,-2.794563903808593750e+02
-1.120281448364257812e+02,-1.033453140258789062e+02
-5.674953460693359375e+01,-2.804091796875000000e+02
-1.025323028564453125e+02,-6.888317871093750000e+01
1.152591247558593750e+02,-6.844315185546875000e+02
1.322212524414062500e+02,-1.040037719726562500e+03
-7.340943908691406250e+01,-5.180041122436523438e+01
3.389028625488281250e+02,-9.901108398437500000e+02
-3.979499053955078125e+01,-2.231379127502441406e+01
1.406000137329101562e+01,-3.085049133300781250e+02
-4.247839355468750000e+01,-2.019788932800292969e+01
-1.403524322509765625e+02,-1.143278503417968750e+02
-9.295283508300781250e+01,-1.321662597656250000e+02
-6.029835510253906250e+01,-2.786188049316406250e+02
-6.190412139892578125e+01,-2.714139404296875000e+02
-5.994866943359375000e+01,-2.745021667480468750e+02
9.887896728515625000e+01,-6.719884643554687500e+02
-9.876293945312500000e+01,-4.589241409301757812e+01
-1.705124511718750000e+02,-7.888244628906250000e+01
-4.601685333251953125e+01,-4.283090591430664062e+01
-9.234995269775390625e+01,-5.854910659790039062e+01
-6.243854522705078125e+01,-2.756310119628906250e+02
2.003190917968750000e+02,-5.416659545898437500e+02
-1.111074981689453125e+02,-9.149037933349609375e+01
-5.842866134643554688e+01,-2.774645690917968750e+02
-3.905640869140625000e+02,-7.197328948974609375e+01
-8.474860382080078125e+01,-4.196016693115234375e+01
-5.726776885986328125e+01,-2.805033569335937500e+02
-6.004663848876953125e+01,-2.784197082519531250e+02
3.666999816894531250e+02,-5.419422607421875000e+02
-1.077115020751953125e+02,-6.981693267822265625e+01
-1.367855224609375000e+02,-1.782387084960937500e+02
-4.145783615112304688e+01,-1.741366767883300781e+01
-6.126784515380859375e+01,-2.745460205078125000e+02
-6.369092941284179688e+01,-2.758654479980468750e+02
1.799356651306152344e+01,-7.812627410888671875e+01
2.293170776367187500e+02,-7.865166625976562500e+02
-8.395635986328125000e+01,-2.875793151855468750e+02
-6.017587280273437500e+01,-2.808062438964843750e+02
-9.755709075927734375e+01,-4.834674072265625000e+01
-1.539725799560546875e+02,-7.602508544921875000e+01
-2.903557395935058594e+01,-1.829927444458007812e+01
-1.539152832031250000e+02,-7.844084930419921875e+01
-7.772404479980468750e+01,-3.132639312744140625e+01
1.228058090209960938e+02,-7.154341430664062500e+02
-5.105163955688476562e+01,-1.647704124450683594e+01
-1.109408874511718750e+02,-9.936778259277343750e+01
-4.018662414550781250e+02,-7.253436279296875000e+01
-1.112585601806640625e+02,-8.235626220703125000e+01
-3.878408813476562500e+02,-7.311528015136718750e+01
-4.724435043334960938e+01,-3.692057037353515625e+01
1.015318450927734375e+02,-6.702614135742187500e+02
-1.322873687744140625e+02,-2.272649841308593750e+02
2.331124687194824219e+01,-3.367994384765625000e+02
-7.065184020996093750e+01,-4.669017028808593750e+01
-6.107662963867187500e+01,-2.819844665527343750e+02
-5.888518905639648438e+01,-2.804873657226562500e+02
-1.212747650146484375e+02,-6.700109100341796875e+01
1.606273651123046875e+02,-4.996454467773437500e+02
-6.177507019042968750e+01,-2.758684692382812500e+02
-4.279213867187500000e+02,-7.586606597900390625e+01
-1.246473541259765625e+02,-6.568120574951171875e+01
-4.466159820556640625e+01,-3.317662811279296875e+01
-1.066798400878906250e+02,-1.204161529541015625e+02
-6.746593475341796875e+01,-1.479823455810546875e+02
4.792181701660156250e+02,-1.003699951171875000e+02
-4.717839050292968750e+01,-1.828007965087890625e+02
-3.346100616455078125e+01,-1.724544219970703125e+02
-5.875959472656250000e+02,-3.707913970947265625e+01
-3.773398590087890625e+01,-2.075669479370117188e+01
-1.326753540039062500e+02,-7.193608093261718750e+01
3.365902404785156250e+02,-9.866949462890625000e+02
-6.287065124511718750e+01,-9.444297790527343750e+01
-5.623241043090820312e+01,-2.810965270996093750e+02
-7.137732982635498047e+00,-2.434479522705078125e+02
-1.383572845458984375e+02,-7.588108825683593750e+01
-9.083262634277343750e+01,-3.629036331176757812e+01
-4.295620727539062500e+02,-6.431242370605468750e+01
-6.816419677734375000e+02,-9.259276390075683594e+00
-8.535527801513671875e+01,-9.783174133300781250e+01
-1.361413879394531250e+02,-8.032006072998046875e+01
-9.712488555908203125e+01,-9.217311096191406250e+01
-3.535345840454101562e+01,-2.652197074890136719e+01
-5.600511550903320312e+01,-2.781974182128906250e+02
-1.078789367675781250e+02,-4.498016738891601562e+01
-5.726379013061523438e+01,-2.779035949707031250e+02
2.135932617187500000e+02,-5.919077148437500000e+02
-8.043936157226562500e+01,-6.327292251586914062e+01
1.032643508911132812e+02,-7.186079101562500000e+02
-1.044917297363281250e+02,-1.073655624389648438e+02
-1.780416564941406250e+02,-7.320486450195312500e+01
-3.514420471191406250e+02,-8.676565551757812500e+01
-1.939100036621093750e+02,-6.293351745605468750e+01
-7.933443450927734375e+01,-3.528596115112304688e+01
-2.037382202148437500e+02,-4.099848175048828125e+01
-1.103368988037109375e+02,-7.592681884765625000e+01
1.214993972778320312e+02,-7.028138427734375000e+02
-1.166126022338867188e+02,-7.149025726318359375e+01
2.082433509826660156e+01,-4.381257324218750000e+02
-5.986365509033203125e+01,-2.738425903320312500e+02
-9.248455810546875000e+01,-6.452487945556640625e+01
-1.327975616455078125e+02,-8.808938598632812500e+01
4.273164978027343750e+02,-5.769573364257812500e+02
-6.832385864257812500e+02,-1.520183944702148438e+01
-5.474514770507812500e+01,-2.817330017089843750e+02
1.188240408897399902e+00,-3.195223083496093750e+02
4.601107788085937500e+02,-6.222047729492187500e+02
-9.189656829833984375e+01,-6.668923187255859375e+01
-6.004737854003906250e+01,-2.841317749023437500e+02
-1.042635116577148438e+02,-1.157474365234375000e+02
-3.178188133239746094e+01,-8.219988250732421875e+01
3.234533386230468750e+02,-9.842258300781250000e+02
-2.645125007629394531e+01,-5.710048828125000000e+02
-6.133139801025390625e+01,-2.757627258300781250e+02
4.083971405029296875e+01,-4.648291931152343750e+02
-7.893649291992187500e+02,1.326739692687988281e+01
-6.142418670654296875e+01,-1.809677886962890625e+01
-3.772288513183593750e+01,-1.902344322204589844e+01
3.279314880371093750e+02,-9.706343383789062500e+02
2.147159576416015625e+02,-5.907584228515625000e+02
-3.953716659545898438e+01,-2.921124458312988281e+01
-9.139572906494140625e+01,-3.420140838623046875e+01
-5.367343139648437500e+01,-2.825925598144531250e+02
-9.303784942626953125e+01,-7.820906829833984375e+01
-5.674953460693359375e+01,-2.823573913574218750e+02
-5.617699813842773438e+01,-2.800058593750000000e+02
1.061516418457031250e+02,-6.688732910156250000e+02
9.288791656494140625e+01,-6.657214355468750000e+02
1.028142929077148438e+02,-7.211271362304687500e+02
-1.214484939575195312e+02,-7.283572387695312500e+01
-5.643500518798828125e+01,-2.800814819335937500e+02
-5.962077026367187500e+02,-4.683877944946289062e+01
1.380556945800781250e+02,-1.148107910156250000e+03
-3.545105743408203125e+01,-1.785624504089355469e+01
-8.085879516601562500e+01,-7.285233306884765625e+01
3.865484237670898438e+01,-4.083790893554687500e+02
-1.959853820800781250e+02,-1.706943817138671875e+02
-8.469596862792968750e+01,-9.651171112060546875e+01
-9.650831604003906250e+01,-4.504793930053710938e+01
-4.205705871582031250e+02,-7.136587524414062500e+01
4.684593963623046875e+01,-6.467902832031250000e+02
-5.683963775634765625e+01,-2.080205535888671875e+01
1.909201622009277344e+01,-7.739131164550781250e+01
-1.001593627929687500e+02,-1.044306259155273438e+02
-4.604867553710937500e+01,-2.344581794738769531e+01
-1.071053848266601562e+02,-1.006463775634765625e+02
1.020324096679687500e+02,-7.222469482421875000e+02
-1.338241271972656250e+02,-7.065514373779296875e+01
2.284189910888671875e+02,-6.035656127929687500e+02
-2.290826110839843750e+02,-1.796748199462890625e+02
4.066204528808593750e+02,-1.072567626953125000e+03
-4.162829895019531250e+02,-7.865232086181640625e+01
-1.260667190551757812e+02,-2.454509582519531250e+02
-9.198103332519531250e+01,-4.267671203613281250e+01
-5.748460769653320312e+01,-2.749981079101562500e+02
-5.939935302734375000e+01,-6.843048095703125000e+01
3.059307861328125000e+02,-5.467294921875000000e+02
-8.207676696777343750e+01,-1.039281234741210938e+02
-5.800376510620117188e+01,-2.811027832031250000e+02
-8.136305999755859375e+01,-4.919242095947265625e+01
1.008186035156250000e+02,-3.529633789062500000e+02
-3.931079864501953125e+01,-2.547220802307128906e+01
-9.489200592041015625e+01,-6.112102127075195312e+01
-5.425373840332031250e+01,-2.824843139648437500e+02
4.676654052734375000e+02,-6.049368896484375000e+02
-9.998128509521484375e+01,-3.533335876464843750e+01
1.444460144042968750e+02,-4.007182922363281250e+02
-7.095517730712890625e+01,-3.514128112792968750e+01
-1.034830169677734375e+02,-5.202049255371093750e+01
2.405947265625000000e+02,-7.672413330078125000e+02
-5.553489303588867188e+01,-2.811319274902343750e+02
-1.117007522583007812e+02,-5.976362609863281250e+01
-5.952895736694335938e+01,-2.814959106445312500e+02
-1.456725158691406250e+02,-8.520139312744140625e+01
-6.068938827514648438e+01,-2.821166992187500000e+02
-5.882265472412109375e+01,-2.779030761718750000e+02
2.469948425292968750e+02,-8.665296020507812500e+02
1.090288467407226562e+02,-3.288974914550781250e+02
-1.079422149658203125e+02,-8.562261199951171875e+01
-5.539649963378906250e+01,-2.807727355957031250e+02
-1.087585144042968750e+02,-9.107995605468750000e+01
9.977880096435546875e+01,-7.301806640625000000e+02
-6.033757781982421875e+01,-9.642076873779296875e+01
1.889782409667968750e+02,-5.817019653320312500e+02
-9.015315246582031250e+01,-3.394283294677734375e+01
9.099204254150390625e+01,-6.901262817382812500e+02
2.625607299804687500e+02,-7.099780883789062500e+02
-1.061904678344726562e+02,-6.969557189941406250e+01
4.259807739257812500e+02,-1.097869262695312500e+03
-1.039456481933593750e+02,-4.625167083740234375e+01
3.337238464355468750e+02,-9.808015747070312500e+02
-5.969917297363281250e+01,-2.749852600097656250e+02
-5.642158889770507812e+01,-2.825838012695312500e+02
-5.671391677856445312e+01,-1.619310951232910156e+01
-3.913138122558593750e+02,-2.145165634155273438e+01
-2.202112579345703125e+02,-1.798880462646484375e+02
-5.784992599487304688e+01,-2.780472412109375000e+02
2.429843139648437500e+02,-8.356781616210937500e+02
-1.425662078857421875e+02,-2.344375457763671875e+02
2.083229064941406250e+01,-4.123816833496093750e+02
-4.598521423339843750e+01,-8.041471099853515625e+01
-5.752346038818359375e+01,-2.804003601074218750e+02
-5.869517898559570312e+01,-2.771456298828125000e+02
-2.157809600830078125e+02,-1.787676391601562500e+02
-7.666056060791015625e+01,-3.632349777221679688e+01
9.420024871826171875e+01,-7.160673217773437500e+02
-1.339002685546875000e+02,-1.060046997070312500e+02
-1.280702667236328125e+02,-8.085449218750000000e+01
-1.589711151123046875e+02,-1.184269714355468750e+02
-7.842695312500000000e+02,1.067661571502685547e+01
-6.980612945556640625e+01,-3.589276885986328125e+01
-5.904162216186523438e+01,-2.758728332519531250e+02
-5.905300140380859375e+01,-2.798029785156250000e+02
-5.725814437866210938e+01,-2.804858703613281250e+02
-5.559604263305664062e+01,-2.795956420898437500e+02
-1.348823394775390625e+02,-6.540565490722656250e+01
-6.416114807128906250e+01,-1.875988960266113281e+01
-8.555694580078125000e+01,-4.784476470947265625e+01
4.806539916992187500e+02,-1.013106231689453125e+02
-5.747304534912109375e+01,-2.780205078125000000e+02
-1.032580337524414062e+02,-9.540368652343750000e+01
8.618936157226562500e+01,-6.305784301757812500e+02
-7.940266113281250000e+02,1.249930286407470703e+01
-6.757407379150390625e+01,-1.055301208496093750e+02
-5.765565490722656250e+01,-2.792910461425781250e+02
-6.067652893066406250e+01,-2.804378662109375000e+02
1.592392730712890625e+02,-8.923059082031250000e+02
-6.377344512939453125e+01,-2.934302139282226562e+01
-1.751997833251953125e+02,-6.147325515747070312e+01
-2.046522064208984375e+02,-8.650889587402343750e+01
-6.475681304931640625e+01,-2.754355468750000000e+02
-5.827398681640625000e+01,-2.766132507324218750e+02
3.830302734375000000e+02,-5.521513061523437500e+02
4.698773803710937500e+02,-6.241744384765625000e+02
-8.471631622314453125e+01,-5.874186706542968750e+01
8.995057678222656250e+01,-6.344569091796875000e+02
-3.894747009277343750e+02,-2.017177581787109375e+01
-1.168084411621093750e+02,-6.540067291259765625e+01
-1.522766265869140625e+02,-9.399330902099609375e+01
-1.910572204589843750e+02,-1.502077636718750000e+02
-5.817684936523437500e+01,-2.784535827636718750e+02
-4.041424560546875000e+01,-3.405883789062500000e+01
-5.524987411499023438e+01,-2.853877868652343750e+02
-1.461585998535156250e+02,-1.222466125488281250e+02
-4.179719543457031250e+02,-7.193004608154296875e+01
-5.543729782104492188e+01,-3.293616867065429688e+01
-5.449888610839843750e+01,-2.793659973144531250e+02
-2.392151336669921875e+02,-2.853651237487792969e+01
-1.291235809326171875e+02,-6.963489532470703125e+01
-1.321501922607421875e+02,-7.926576995849609375e+01
-5.990611648559570312e+01,-2.799595031738281250e+02
-1.741692810058593750e+02,-1.332650756835937500e+02
-6.816539001464843750e+01,-3.812663650512695312e+01
-6.222632980346679688e+01,-2.803828430175781250e+02
-1.042859878540039062e+02,-9.797151947021484375e+01
-1.083827438354492188e+02,-4.529571914672851562e+01
-5.636562347412109375e+01,-2.810430908203125000e+02
-8.648878479003906250e+01,-7.916524505615234375e+01
9.291844940185546875e+01,-7.136388549804687500e+02
-6.091104125976562500e+01,-3.372841262817382812e+01
1.033216094970703125e+02,-6.717697753906250000e+02
-3.733592224121093750e+01,-2.645004463195800781e+01
-9.248908996582031250e+01,-1.006950607299804688e+02
-7.624076080322265625e+01,-5.038754653930664062e+01
4.683416442871093750e+02,-9.521643066406250000e+01
4.162041625976562500e+02,-8.178847503662109375e+01
-8.551467132568359375e+01,-5.930444717407226562e+01
-1.430194549560546875e+02,-1.059119415283203125e+02
-6.191698074340820312e+01,-2.801485595703125000e+02
-8.165816497802734375e+01,-2.282723808288574219e+01
-1.591582946777343750e+02,-1.929871520996093750e+02
-1.603615570068359375e+02,-1.448669586181640625e+02
-1.709073791503906250e+02,-1.206836318969726562e+02
2.490900726318359375e+02,-6.571157836914062500e+02
-1.030152893066406250e+02,-4.582463836669921875e+01
4.745339050292968750e+02,-6.321537475585937500e+02
-5.915272521972656250e+01,-2.815011291503906250e+02
-1.013000869750976562e+02,-8.289356231689453125e+01
-1.069981613159179688e+02,-5.480274963378906250e+01
-6.300331115722656250e+01,-2.807716064453125000e+02
-4.757304992675781250e+02,-1.903740386962890625e+02
-1.077477645874023438e+02,-5.759640502929687500e+01
-5.720920944213867188e+01,-2.760128479003906250e+02
-2.040643615722656250e+02,-1.703155059814453125e+02
-4.082247009277343750e+02,-3.645625686645507812e+01
-1.875941009521484375e+02,-7.823970794677734375e+01
1.012214736938476562e+02,-7.235800781250000000e+02
1.617555999755859375e+02,-1.144869384765625000e+03
3.457668685913085938e+01,-5.326080932617187500e+02
-8.957534027099609375e+01,-4.911030578613281250e+01
-4.190059814453125000e+02,-7.513729095458984375e+01
1.445306549072265625e+02,-1.146691650390625000e+03
-1.117067642211914062e+02,-6.110848999023437500e+01
-1.106924057006835938e+02,-4.901762390136718750e+01
-1.371920013427734375e+02,-1.016684417724609375e+02
2.043126487731933594e+01,-5.508788452148437500e+02
1.180695056915283203e+01,-3.693125305175781250e+02
-5.664694213867187500e+01,-2.805951538085937500e+02
-8.313256835937500000e+01,-4.843127059936523438e+01
3.338455810546875000e+02,-9.906524047851562500e+02
-5.867436218261718750e+01,-2.787467346191406250e+02
-5.892515563964843750e+01,-2.814313049316406250e+02
-6.017161560058593750e+01,-2.768838195800781250e+02
8.494067382812500000e+01,-6.545759277343750000e+02
-7.820138549804687500e+01,-4.894758605957031250e+01
3.175049438476562500e+02,-9.656748046875000000e+02
-3.257838058471679688e+01,-1.809768486022949219e+01
-7.393201446533203125e+01,-2.782622909545898438e+01
-5.841552352905273438e+01,-2.783975830078125000e+02
-6.168755722045898438e+01,-2.772111511230468750e+02
-6.071205139160156250e+01,-2.722646789550781250e+02
-1.468584747314453125e+02,-1.163623962402343750e+02
-1.692558593750000000e+02,-8.006533813476562500e+01
-5.794668960571289062e+01,-2.780944824218750000e+02
-1.205434799194335938e+02,-1.192463912963867188e+02
-6.084619140625000000e+01,-1.665772438049316406e+01
-1.562861328125000000e+02,-7.455403137207031250e+01
-1.902955017089843750e+02,-1.452069549560546875e+02
-1.606569366455078125e+02,-1.317879791259765625e+02
-9.797013854980468750e+01,-5.856125640869140625e+01
-5.957918930053710938e+01,-2.774825439453125000e+02
-8.525398254394531250e+01,-5.900534439086914062e+01
-1.072741165161132812e+02,-7.276682281494140625e+01
-3.702407455444335938e+01,-1.965025138854980469e+01
3.272447204589843750e+02,-9.888988037109375000e+02
-5.691975021362304688e+01,-2.796109008789062500e+02
-9.258039855957031250e+01,-5.034075164794921875e+01
-5.928075790405273438e+01,-2.754543457031250000e+02
2.343778533935546875e+02,-7.797792358398437500e+02
-8.378337097167968750e+01,-9.986470031738281250e+01
-2.300416412353515625e+02,-1.758297424316406250e+02
-6.636517333984375000e+01,-1.689652252197265625e+01
-5.966947937011718750e+01,-2.795839538574218750e+02
-8.107350921630859375e+01,-3.759039688110351562e+01
-8.501475524902343750e+01,-3.678879165649414062e+01
-4.102160339355468750e+02,-8.301658630371093750e+01
-3.077427673339843750e+01,-1.768303298950195312e+01
-2.081666707992553711e+00,-3.334192810058593750e+02
-5.716128921508789062e+01,-2.802485656738281250e+02
-6.308157348632812500e+01,-2.712241210937500000e+02
-5.662150192260742188e+01,-2.746095581054687500e+02
4.288974914550781250e+02,-1.095146484375000000e+03
-3.545864105224609375e+01,-1.944768142700195312e+01
1.239836273193359375e+02,-3.553370971679687500e+02
-1.491636962890625000e+02,-9.265652465820312500e+01
4.247008361816406250e+02,-1.098122680664062500e+03
-1.405660705566406250e+02,-1.128333969116210938e+02
-1.016669769287109375e+02,-9.635087585449218750e+01
-8.451002502441406250e+01,-1.319750823974609375e+02
-6.890935058593750000e+02,-5.038718700408935547e+00
-5.824225616455078125e+01,-2.749392395019531250e+02
9.826647186279296875e+01,-7.077316894531250000e+02
4.239772033691406250e+02,-1.707327117919921875e+02
-1.529740905761718750e+02,-1.035408706665039062e+02
4.276010742187500000e+02,-1.097541748046875000e+03
-1.623126220703125000e+02,-7.922335815429687500e+01
4.978272247314453125e+01,-1.073857955932617188e+02
-2.084117584228515625e+02,-1.635718536376953125e+02
-3.931116638183593750e+02,-1.031922721862792969e+01
-9.337726593017578125e+01,-7.410172271728515625e+01
-7.952489624023437500e+02,1.551673603057861328e+01
2.984725646972656250e+02,-5.172239379882812500e+02
7.377283477783203125e+01,-5.679110107421875000e+02
1.130278167724609375e+02,-7.005791015625000000e+02
-5.897140884399414062e+01,-2.738968811035156250e+02
-1.218657989501953125e+02,-7.136610412597656250e+01
-9.382843017578125000e+01,-5.411752319335937500e+01
-8.090810394287109375e+01,-3.671105575561523438e+01
-5.609447860717773438e+01,-2.867848815917968750e+02
-1.292444915771484375e+02,-6.607744598388671875e+01
2.734968566894531250e+02,-7.362796630859375000e+02
3.769424438476562500e+02,-7.745938873291015625e+01
1.402931976318359375e+02,-4.159631347656250000e+02
-5.001221084594726562e+01,-1.734159088134765625e+01
-1.557187347412109375e+02,-7.118383789062500000e+01
-3.587187957763671875e+01,-1.904585838317871094e+01
-9.689518737792968750e+01,-5.485165786743164062e+01
-1.091276245117187500e+02,-1.178646163940429688e+02
-8.873082733154296875e+01,-8.758998107910156250e+01
-5.339729309082031250e+01,-2.797166824340820312e+01
-1.775324401855468750e+02,-1.757430267333984375e+02
-5.451923751831054688e+01,-2.775315246582031250e+02
-4.868764648437500000e+02,-1.590310668945312500e+02
-5.778331756591796875e+01,-2.857505187988281250e+02
-5.477030944824218750e+01,-2.821379089355468750e+02
-4.783892517089843750e+02,-1.556725769042968750e+02
-1.145898971557617188e+02,-4.392361068725585938e+01
1.377186737060546875e+02,-1.147990722656250000e+03
-1.438816375732421875e+02,-6.877124786376953125e+01
-4.228536071777343750e+02,-8.175262451171875000e+01
-5.523812484741210938e+01,-2.816652832031250000e+02
-6.130327606201171875e+01,-2.800906066894531250e+02
-9.753794097900390625e+01,-3.833139801025390625e+01
-3.522478103637695312e+01,-1.884343910217285156e+01
-7.924118804931640625e+01,-3.481040191650390625e+01
-4.982765579223632812e+01,-4.294849395751953125e+01
3.393279075622558594e+00,-5.475102539062500000e+02
-8.599673461914062500e+01,-7.021875762939453125e+01
4.313268432617187500e+02,-1.093866577148437500e+03
-5.568059539794921875e+01,-2.862428283691406250e+02
-1.183565750122070312e+02,-1.070596694946289062e+02
-1.283045959472656250e+02,-1.152157974243164062e+02
-1.142048721313476562e+02,-1.274022903442382812e+02
-5.731032180786132812e+01,-2.800180664062500000e+02
-5.847898483276367188e+01,-2.806867065429687500e+02
-7.487384796142578125e+01,-1.669010162353515625e+01
-1.030751419067382812e+02,-4.818824386596679688e+01
-5.764807128906250000e+01,-2.749503173828125000e+02
-5.873828506469726562e+01,-2.743974914550781250e+02
-1.512402038574218750e+02,-1.157865295410156250e+02
-3.856248168945312500e+02,-1.823995208740234375e+01
7.626002502441406250e+01,-3.966520996093750000e+02
-1.094702758789062500e+02,-5.792562103271484375e+01
-9.825867462158203125e+01,-5.079389572143554688e+01
-7.797937011718750000e+01,-2.496562957763671875e+01
2.126184997558593750e+02,-8.040087280273437500e+02
-4.832513046264648438e+01,-3.181455612182617188e+01
-1.629620361328125000e+02,-1.327000122070312500e+02
-1.448807373046875000e+02,-7.472875213623046875e+01
1.222691650390625000e+02,-3.389684753417968750e+02
-6.048457336425781250e+01,-1.547912750244140625e+02
-9.854915618896484375e+01,-6.902619934082031250e+01
-7.399649810791015625e+01,-2.985782814025878906e+01
-5.828305053710937500e+01,-2.780496520996093750e+02
-3.583677673339843750e+02,-1.151472854614257812e+01
2.898379135131835938e+01,-5.334188842773437500e+02
2.666322326660156250e+02,-7.094016113281250000e+02
-5.981046295166015625e+01,-2.819276428222656250e+02
-9.901770782470703125e+01,-5.204600143432617188e+01
1.273791580200195312e+02,-3.709952392578125000e+02
1.079675483703613281e+01,-3.949058532714843750e+02
-6.019280242919921875e+01,-2.780730590820312500e+02
-4.665248107910156250e+01,-2.040883827209472656e+01
-1.643123779296875000e+02,-9.381224822998046875e+01
-6.035792922973632812e+01,-2.750916748046875000e+02
-9.127806091308593750e+01,-3.687460708618164062e+01
-4.864474868774414062e+01,-1.976157569885253906e+01
-5.557263565063476562e+01,-2.800784606933593750e+02
-7.350472259521484375e+01,-3.210346984863281250e+01
-3.609112548828125000e+01,-1.471473312377929688e+01
4.195417785644531250e+02,-5.841608886718750000e+02
9.530193328857421875e+01,-7.164151000976562500e+02
-5.822994995117187500e+01,-2.775161132812500000e+02
-1.405475769042968750e+02,-2.280186767578125000e+02
-8.037099456787109375e+01,-4.978866195678710938e+01
3.201725158691406250e+02,-9.851027832031250000e+02
-1.524707946777343750e+02,-9.275916290283203125e+01
-1.369226226806640625e+02,-9.837424468994140625e+01
4.198673248291015625e+01,-2.614350585937500000e+02
-5.810626602172851562e+01,-2.807196044921875000e+02
1.496418190002441406e+01,-4.585757446289062500e+02
-3.732944488525390625e+01,-9.689111328125000000e+01
-8.576425933837890625e+01,-5.927780532836914062e+01
-1.926339416503906250e+02,-1.334566345214843750e+02
-7.797122192382812500e+02,9.447075843811035156e+00
7.921789550781250000e+01,-6.798950805664062500e+02
1.424318237304687500e+02,-1.147297851562500000e+03
-4.312845230102539062e+01,-3.984909439086914062e+01
-5.895383071899414062e+01,-2.752742614746093750e+02
-1.179433364868164062e+02,-6.501417541503906250e+01
-8.559635162353515625e+01,-5.328331375122070312e+01
-4.106541442871093750e+01,-2.284187889099121094e+01
-5.833420944213867188e+01,-2.777916870117187500e+02
1.482051086425781250e+02,-1.146765258789062500e+03
-9.077046203613281250e+01,-1.601333045959472656e+01
1.455444641113281250e+02,-7.421650390625000000e+02
-1.027523803710937500e+02,-6.084305191040039062e+01
-3.400468063354492188e+01,-1.503806114196777344e+01
-3.826655960083007812e+01,-3.449930191040039062e+01
-4.665688171386718750e+02,-2.132539215087890625e+02
4.665755615234375000e+02,-6.248085327148437500e+02
-1.267769088745117188e+02,-2.253590545654296875e+02
-7.379454803466796875e+01,-5.457006454467773438e+01
-1.123983612060546875e+02,-6.356055068969726562e+01
-3.588325881958007812e+01,-2.351802062988281250e+02
-6.018808364868164062e+01,-2.786923828125000000e+02
-6.180633926391601562e+01,-2.819659729003906250e+02
-6.126479339599609375e+01,-2.764426574707031250e+02
1.464784240722656250e+02,-1.146492309570312500e+03
-6.723539733886718750e+01,-7.029309844970703125e+01
-4.198073730468750000e+02,-8.146809387207031250e+01
-3.864112854003906250e+01,-1.945968055725097656e+01
-6.814846038818359375e+01,-4.676224899291992188e+01
-5.248218383789062500e+02,-5.344369506835937500e+01
-8.258491516113281250e+01,-1.035801162719726562e+02
3.260410766601562500e+02,-5.434424591064453125e+01
-4.507723999023437500e+01,-6.631035614013671875e+01
-5.466660690307617188e+01,-2.800496215820312500e+02
-1.017370986938476562e+02,-1.032818450927734375e+02
-8.915859222412109375e+01,-4.453245544433593750e+01
1.051198883056640625e+02,-6.318446044921875000e+02
-1.028673706054687500e+02,-2.810496520996093750e+02
-3.194242553710937500e+02,-9.428901672363281250e+01
-7.298454284667968750e+01,-5.672294998168945312e+01
-5.790922164916992188e+01,-9.265870666503906250e+01
9.592201995849609375e+01,-1.028944396972656250e+02
1.008358078002929688e+02,-6.710410766601562500e+02
-1.791060638427734375e+02,-1.124720306396484375e+02
-1.216924362182617188e+02,-2.037907409667968750e+02
-3.972981567382812500e+02,-8.281951904296875000e+01
-8.250813293457031250e+01,-3.095845794677734375e+01
-1.989532928466796875e+02,-1.619770355224609375e+02
-1.346473693847656250e+02,-1.203331375122070312e+02
1.064291687011718750e+02,-7.245067749023437500e+02
-8.139136505126953125e+01,-1.367712860107421875e+02
-5.486346435546875000e+01,-2.841699523925781250e+02
-5.722558212280273438e+01,-2.819495849609375000e+02
-3.558754205703735352e+00,-8.037991333007812500e+01
-6.436014404296875000e+02,-2.014143562316894531e+01
1.041350402832031250e+02,-7.706212158203125000e+02
-1.098907241821289062e+02,-5.845408630371093750e+01
-9.570737457275390625e+01,-6.884091186523437500e+01
-3.853908081054687500e+02,-3.172942161560058594e+01
4.419714660644531250e+02,-1.219036636352539062e+02
-9.531236267089843750e+01,-6.944024658203125000e+01
-3.030812454223632812e+01,-2.460494232177734375e+01
-3.776414489746093750e+01,-1.607182312011718750e+01
-2.304998016357421875e+01,-1.847584991455078125e+02
-1.844424629211425781e+01,-4.040834350585937500e+02
-1.686515502929687500e+02,-1.182274932861328125e+02
8.635060119628906250e+01,-6.988574829101562500e+02
-3.370393753051757812e+01,-1.997984504699707031e+01
-1.598807525634765625e+02,-7.955755615234375000e+01
-5.813966369628906250e+01,-2.779615783691406250e+02
-1.317597961425781250e+02,-1.210836410522460938e+02
-9.013825988769531250e+01,-3.925360870361328125e+01
-2.669094543457031250e+02,-2.171709632873535156e+01
-7.860720214843750000e+02,1.258345603942871094e+01
-9.804164886474609375e+01,-4.107969284057617188e+01
-7.625346660614013672e+00,-7.589353942871093750e+01
-8.117128753662109375e+01,-2.106945800781250000e+01
-6.211318969726562500e+01,-2.792465209960937500e+02
-3.939859313964843750e+02,-1.977900886535644531e+01
-1.048391036987304688e+02,-6.348130416870117188e+01
-1.092571334838867188e+02,-1.377051086425781250e+02
-6.279229736328125000e+01,-2.800812377929687500e+02
-8.114289093017578125e+01,-5.440538024902343750e+01
-9.284626770019531250e+01,-6.493553161621093750e+01
-2.961544189453125000e+02,-1.781727447509765625e+02
-3.581137847900390625e+01,-1.497655010223388672e+01
-1.021618041992187500e+02,-1.041121292114257812e+02
-1.843875732421875000e+02,-5.697669219970703125e+01
-5.812301254272460938e+01,-2.786498107910156250e+02
-5.905337142944335938e+01,-2.746543884277343750e+02
-1.572412872314453125e+02,-1.042300949096679688e+02
-5.923246765136718750e+01,-2.771851806640625000e+02
3.631538391113281250e+02,-1.018746032714843750e+03
-9.176441192626953125e+00,-5.849306030273437500e+02
-1.007425384521484375e+02,-6.100878906250000000e+01
-3.554338073730468750e+01,-1.625394058227539062e+01
-5.564877319335937500e+01,-2.808253479003906250e+02
-5.865132904052734375e+01,-2.807593688964843750e+02
-5.246579589843750000e+02,-4.806869506835937500e+01
1.042500305175781250e+02,-7.225421142578125000e+02
-1.138152236938476562e+02,-1.033272781372070312e+02
-8.430863189697265625e+01,-1.177718658447265625e+02
-5.854642486572265625e+01,-2.803778686523437500e+02
5.968439483642578125e+01,-2.646091613769531250e+02
-9.185633087158203125e+01,-7.377310943603515625e+01
2.754611816406250000e+02,-9.219036865234375000e+02
-2.968036079406738281e+01,-1.781726684570312500e+02
-1.570910034179687500e+02,-1.153156509399414062e+02
-1.883860778808593750e+02,-1.448527679443359375e+02
-9.646983337402343750e+01,-2.733029365539550781e+01
-3.582090759277343750e+01,-1.659689331054687500e+01
-5.745999908447265625e+01,-2.801759033203125000e+02
-5.865613937377929688e+01,-2.782860412597656250e+02
-2.358606719970703125e+01,-6.904846191406250000e+01
1.295355377197265625e+02,-7.319157104492187500e+02
1.572884521484375000e+02,-4.952785339355468750e+02
-1.471539916992187500e+02,-1.066913604736328125e+02
-8.430650329589843750e+01,-1.151932296752929688e+02
1.661503295898437500e+02,-1.086716918945312500e+03
-5.295907974243164062e+01,-3.035509033203125000e+02
-1.606148529052734375e+02,-1.159975509643554688e+02
-1.795729064941406250e+02,-2.015809631347656250e+02
9.394196319580078125e+01,-4.187012329101562500e+02
-2.776715393066406250e+02,-1.944337844848632812e+01
-8.821611022949218750e+01,-3.975565719604492188e+01
-2.033957519531250000e+02,-9.573622131347656250e+01
1.500199432373046875e+02,-1.146346679687500000e+03
4.450088195800781250e+02,-5.961297607421875000e+02
4.267584838867187500e+02,-1.097706909179687500e+03
2.088484039306640625e+02,-4.606266479492187500e+02
-3.914635009765625000e+02,-7.735501098632812500e+01
2.058176269531250000e+02,-5.641781616210937500e+02
3.403865432739257812e+01,-6.150125732421875000e+02
-4.993829727172851562e+01,-7.978374481201171875e+01
-5.551889038085937500e+01,-2.805426940917968750e+02
-3.504975509643554688e+01,-2.258549499511718750e+01
-4.400354003906250000e+02,-7.423674011230468750e+01
-1.101102523803710938e+02,-1.022064208984375000e+02
-5.865521240234375000e+01,-2.817445983886718750e+02
-5.528326797485351562e+01,-2.777406616210937500e+02
1.386564064025878906e+01,-8.093645477294921875e+01
1.482428436279296875e+02,-1.146733154296875000e+03
3.129664611816406250e+02,-5.393643798828125000e+02
-9.350169372558593750e+01,-6.989693450927734375e+01
7.874490356445312500e+01,-6.690084838867187500e+02
2.338844146728515625e+02,-8.246724853515625000e+02
-8.779926300048828125e+01,-9.908264160156250000e+01
-5.904032897949218750e+01,-2.802669067382812500e+02
-6.903617858886718750e+01,-3.793584060668945312e+01
-1.076239852905273438e+02,-1.188127212524414062e+02
2.030332565307617188e+01,-4.749830932617187500e+02
-6.132390594482421875e+01,-2.769404907226562500e+02
-5.612750244140625000e+01,-2.775382385253906250e+02
-1.910883483886718750e+02,-1.431808013916015625e+02
3.426888732910156250e+02,-5.677290039062500000e+02
7.854656219482421875e+01,-6.032583007812500000e+02
-1.376610260009765625e+02,-1.088843994140625000e+02
3.725518417358398438e+01,-3.909167175292968750e+02
-6.710718536376953125e+01,-3.736223983764648438e+01
2.145159454345703125e+02,-6.191471557617187500e+02
2.804074401855468750e+02,-7.429042358398437500e+02
3.936433105468750000e+02,-5.688654785156250000e+02
-6.449677276611328125e+01,-2.748020324707031250e+02
-5.687728881835937500e+01,-2.780556945800781250e+02
-5.782346725463867188e+01,-2.809646606445312500e+02
-1.726259613037109375e+02,-7.952517700195312500e+01
4.755915527343750000e+02,-6.288079223632812500e+02
-1.164049148559570312e+02,-5.490931701660156250e+01
-6.060159683227539062e+01,-2.755911865234375000e+02
1.447537841796875000e+02,-1.009864440917968750e+03
-2.511812896728515625e+02,-9.571878814697265625e+01
-7.614464569091796875e+01,-4.855942535400390625e+01
2.692411804199218750e+02,-8.960758056640625000e+02
-1.489024047851562500e+02,-7.694382476806640625e+01
-3.925505065917968750e+02,-2.396462440490722656e+01
-1.017238998413085938e+01,-3.490678405761718750e+01
-5.748007583618164062e+01,-2.826968688964843750e+02
-1.584704132080078125e+02,-7.978329467773437500e+01
4.446727294921875000e+02,-6.123500976562500000e+02
4.515778503417968750e+02,-1.021032485961914062e+02
-6.077468109130859375e+01,-2.790098266601562500e+02
-5.858425903320312500e+01,-2.765798034667968750e+02
-7.301293945312500000e+01,-2.500555610656738281e+01
-1.138938598632812500e+02,-1.045216445922851562e+02
-6.163011169433593750e+01,-1.487603302001953125e+02
-6.018799209594726562e+01,-2.808192138671875000e+02
-4.037092895507812500e+02,-8.454982757568359375e+01
-5.791088867187500000e+01,-2.793979797363281250e+02
3.353633499145507812e+01,-4.298796997070312500e+02
3.287585449218750000e+02,-5.787388916015625000e+02
-7.632864379882812500e+01,-4.637416076660156250e+01
-5.667894744873046875e+01,-2.771339416503906250e+02
9.635273742675781250e+01,-6.385585327148437500e+02
2.459810485839843750e+02,-2.667238998413085938e+01
-9.632320404052734375e+01,-4.040774917602539062e+01
-1.074385986328125000e+02,-8.999185180664062500e+01
-5.737489318847656250e+01,-2.790756530761718750e+02
2.105239105224609375e+02,-1.130246826171875000e+03
3.862144165039062500e+02,-1.059761352539062500e+03
-4.390228652954101562e+01,-2.134199333190917969e+01
-1.805762023925781250e+02,-1.183872756958007812e+02
-5.571889114379882812e+01,-2.781813659667968750e+02
-2.143690490722656250e+02,-1.727534484863281250e+02
-9.538581848144531250e+01,-5.439149475097656250e+01
-7.823445434570312500e+02,1.571485424041748047e+01
-1.637538604736328125e+02,-1.192023162841796875e+02
-2.995557403564453125e+01,-1.942473602294921875e+01
-5.963043975830078125e+01,-2.791148071289062500e+02
-4.695376892089843750e+02,-1.665142669677734375e+02
-8.831426239013671875e+01,-7.936132049560546875e+01
1.766525268554687500e+01,-2.744985351562500000e+02
4.646437988281250000e+02,-6.198294067382812500e+02
-1.103830566406250000e+02,-5.657411575317382812e+01
-8.500596618652343750e+01,-7.780574035644531250e+01
-1.149528045654296875e+02,-5.882005691528320312e+01
-4.375862121582031250e+01,-2.688009262084960938e+01
-5.785186767578125000e+01,-2.788601684570312500e+02
-5.904430389404296875e+01,-2.781326599121093750e+02
-2.177249450683593750e+02,-1.111267929077148438e+02
9.579972076416015625e+01,-7.151044311523437500e+02
3.145787963867187500e+02,-5.343964843750000000e+02
-1.191908187866210938e+02,-7.101583099365234375e+01
-4.779329681396484375e+01,-1.448577423095703125e+02
2.873961181640625000e+02,-7.567644042968750000e+02
8.176605224609375000e+01,-3.164145202636718750e+02
4.776857604980468750e+02,-6.264402465820312500e+02
-4.185102844238281250e+02,-7.604652404785156250e+01
1.067470245361328125e+02,-7.528905639648437500e+02
-1.011505889892578125e+02,-5.926135253906250000e+01
-4.656343688964843750e+02,-1.999090728759765625e+02
-6.672040557861328125e+01,-1.635250854492187500e+01
-5.738164520263671875e+01,-2.757021179199218750e+02
-1.442816467285156250e+02,-8.044670867919921875e+01
-1.019120330810546875e+02,-6.474375152587890625e+01
-1.131928253173828125e+02,-1.084609146118164062e+02
-1.024406280517578125e+02,-4.493593978881835938e+01
2.837489891052246094e+01,-3.336629028320312500e+02
-2.237515563964843750e+02,-1.240907363891601562e+02
-7.600924491882324219e+00,-1.179602432250976562e+02
4.582971496582031250e+02,-6.135250854492187500e+02
-8.167842102050781250e+01,-3.689732360839843750e+01
-8.667611694335937500e+01,-7.869526672363281250e+01
-5.794104766845703125e+01,-2.843886108398437500e+02
-6.008391952514648438e+01,-2.804495544433593750e+02
2.330990142822265625e+02,-7.580061645507812500e+02
-8.851343536376953125e+01,-1.059077148437500000e+02
3.623721313476562500e+02,-1.028350830078125000e+03
1.152609443664550781e+01,-7.303052520751953125e+01
-5.622760009765625000e+01,-2.778464660644531250e+02
-1.038706283569335938e+02,-2.855111999511718750e+02
-8.860973358154296875e+01,-5.762304687500000000e+01
-5.810201263427734375e+01,-2.786513977050781250e+02
-5.710661697387695312e+01,-2.782672424316406250e+02
-1.648681793212890625e+02,-1.247317352294921875e+02
1.446980895996093750e+02,-4.375549926757812500e+02
-4.445382308959960938e+01,-2.976937294006347656e+01
-3.975831298828125000e+02,-2.899048423767089844e+01
-5.888111877441406250e+01,-2.801466064453125000e+02
-1.262900314331054688e+02,-6.758872985839843750e+01
-1.063591156005859375e+02,-6.760329437255859375e+01
-3.956491088867187500e+02,-6.188028335571289062e+01
-3.630445098876953125e+01,-1.924261856079101562e+01
-8.791989898681640625e+01,-3.698079681396484375e+01
-2.075559997558593750e+02,-1.757909545898437500e+02
-5.664675521850585938e+01,-2.797737731933593750e+02
-8.629119110107421875e+01,-2.989887390136718750e+02
-9.539284515380859375e+01,-1.360620574951171875e+02
-8.596121215820312500e+01,-1.031925582885742188e+02
1.290467224121093750e+02,-4.286977233886718750e+02
-5.668403625488281250e+01,-2.773353576660156250e+02
-5.810978317260742188e+01,-2.767711181640625000e+02
-7.755530548095703125e+01,-5.445851516723632812e+01
-6.040446090698242188e+01,-2.791409912109375000e+02
-2.370956268310546875e+02,-9.867101287841796875e+01
-5.867205047607421875e+01,-2.795834350585937500e+02
-5.999575805664062500e+01,-2.755615234375000000e+02
1.573610687255859375e+02,-4.697246093750000000e+02
3.381259765625000000e+02,-9.781998901367187500e+02
-3.989967651367187500e+02,-2.215673065185546875e+01
-1.257511672973632812e+02,-5.716160202026367188e+01
2.735292358398437500e+02,-8.985198364257812500e+02
1.043566894531250000e+02,-3.585284118652343750e+02
-8.349168395996093750e+01,-1.886623191833496094e+01
-9.220295715332031250e+01,-6.543244934082031250e+01
8.560424041748046875e+01,-5.503568115234375000e+02
-1.494022827148437500e+02,-8.399796295166015625e+01
3.402265167236328125e+01,-3.894166564941406250e+02
-5.930702972412109375e+01,-2.816331481933593750e+02
-1.402970581054687500e+02,-6.831636810302734375e+01
-1.314120635986328125e+02,-9.394093322753906250e+01
-1.524923095703125000e+02,-1.092976913452148438e+02
2.475619201660156250e+02,-8.775716552734375000e+02
-7.379833984375000000e+01,-3.959738922119140625e+01
-4.958078613281250000e+02,-5.579658508300781250e+01
-8.206196594238281250e+01,-3.184564971923828125e+01
6.159035491943359375e+01,-6.451350708007812500e+02
-1.006767654418945312e+02,-1.152274246215820312e+02
-1.137563018798828125e+02,-9.271357727050781250e+01
-4.016042480468750000e+02,-2.903275108337402344e+01
-3.885120544433593750e+02,-7.549533843994140625e+01
-7.932507934570312500e+02,1.537794017791748047e+01
-5.199356460571289062e+01,-2.902097702026367188e+01
-5.584729385375976562e+01,-2.811625671386718750e+02
-1.192729644775390625e+02,-8.730778503417968750e+01
-5.957595443725585938e+01,-2.738023681640625000e+02
-5.651964950561523438e+01,-2.811058654785156250e+02
-5.835594940185546875e+01,-1.285119018554687500e+02
-4.199584045410156250e+02,-7.460384368896484375e+01
-1.161496887207031250e+02,-1.066386032104492188e+02
3.026374244689941406e+01,-1.578758087158203125e+02
-3.463919830322265625e+01,-1.487164211273193359e+01
8.675597381591796875e+01,-6.959029541015625000e+02
-5.897372055053710938e+01,-2.765484008789062500e+02
-1.039737777709960938e+02,-8.988324737548828125e+01
-2.853754882812500000e+02,-1.207388763427734375e+02
7.798679351806640625e+01,-5.543068847656250000e+02
-8.236354064941406250e+01,-4.844561004638671875e+01
2.721242980957031250e+02,-7.222389526367187500e+02
7.756763458251953125e+01,-6.421427612304687500e+02
-1.218025283813476562e+02,-1.098829879760742188e+02
4.249140625000000000e+02,-1.098084106445312500e+03
-3.772964096069335938e+01,-2.160818862915039062e+01
-1.081178894042968750e+02,-6.619556427001953125e+01
-8.298075866699218750e+01,-6.613216400146484375e+01
1.027791366577148438e+02,-1.388476257324218750e+02
-3.989580078125000000e+02,-1.607646942138671875e+02
-5.772587203979492188e+01,-2.834454040527343750e+02
-4.611585388183593750e+02,-1.885330810546875000e+02
1.287358093261718750e+02,-6.394572753906250000e+02
-8.114964294433593750e+01,-6.528549957275390625e+01
-6.189847946166992188e+01,-2.791867980957031250e+02
4.185293884277343750e+02,-1.099405273437500000e+03
-1.399192962646484375e+02,-1.051215133666992188e+02
-1.663716735839843750e+02,-7.841835784912109375e+01
-4.512016296386718750e+01,-1.617907142639160156e+01
-5.588652038574218750e+01,-2.775143127441406250e+02
-5.846233367919921875e+01,-2.834085083007812500e+02
-7.137868499755859375e+01,-8.384173583984375000e+01
4.241930541992187500e+02,-1.096316772460937500e+03
-8.910872650146484375e+01,-4.336389923095703125e+01
-5.619623947143554688e+01,-2.828481140136718750e+02
4.718739013671875000e+02,-1.021415100097656250e+02
-6.062879562377929688e+01,-2.749386291503906250e+02
2.562404479980468750e+02,-6.747469482421875000e+02
-5.893440628051757812e+01,-2.796161193847656250e+02
8.502050781250000000e+01,-7.052854614257812500e+02
-8.102050018310546875e+01,-3.498301315307617188e+01
1.406460266113281250e+02,-9.709713745117187500e+02
3.371463012695312500e+02,-9.820084228515625000e+02
1.448212280273437500e+02,-1.147185791015625000e+03
-5.810626602172851562e+01,-2.842444458007812500e+02
-2.479487991333007812e+01,-2.054913177490234375e+02
7.290390014648437500e+01,-1.133218688964843750e+02
-5.728960037231445312e+01,-2.762868957519531250e+02
-6.040964126586914062e+01,-2.787732238769531250e+02
-3.096660232543945312e+01,-1.696278762817382812e+01
1.543721923828125000e+02,-8.319587402343750000e+02
-4.859654998779296875e+01,-2.353276443481445312e+01
-6.038586807250976562e+01,-2.760347290039062500e+02
-5.636793518066406250e+01,-2.812760620117187500e+02
-7.137711334228515625e+01,-1.227656478881835938e+02
-2.990894889831542969e+01,-1.743691444396972656e+01
-6.626673889160156250e+01,-6.609706878662109375e+01
-7.828686523437500000e+01,-8.993713378906250000e+01
7.547222137451171875e+01,-1.252621612548828125e+02
1.165329742431640625e+02,-4.245715026855468750e+02
2.349375305175781250e+02,-7.682568969726562500e+02
6.662782287597656250e+01,-4.359730529785156250e+02
-3.251954650878906250e+01,-1.676323699951171875e+01
4.632249755859375000e+02,-1.010916748046875000e+02
2.138443298339843750e+02,-2.815106773376464844e+01
-5.992322921752929688e+01,-2.782860412597656250e+02
-3.528250122070312500e+02,-7.400005340576171875e+01
-4.538959350585937500e+02,-6.799372100830078125e+01
-5.715638732910156250e+01,-2.818331298828125000e+02
-5.984089660644531250e+01,-2.770063171386718750e+02
4.798587036132812500e+02,-1.031009292602539062e+02
-5.796852111816406250e+01,-2.898621826171875000e+02
-5.755324935913085938e+01,-2.818881530761718750e+02
-5.625230026245117188e+01,-2.788909606933593750e+02
-9.346440887451171875e+01,-1.182021408081054688e+02
-2.904917335510253906e+01,-1.820146179199218750e+01
-7.894495849609375000e+02,1.473588657379150391e+01
-5.777804565429687500e+01,-2.783145751953125000e+02
5.613141250610351562e+01,-4.241530151367187500e+02
-5.785649108886718750e+01,-2.746137084960937500e+02
-2.971690177917480469e+01,-1.824387741088867188e+01
1.384358978271484375e+02,-4.224511413574218750e+02
-5.718265914916992188e+01,-2.770336303710937500e+02
-5.890489578247070312e+01,-2.761159362792968750e+02
-1.597829742431640625e+02,-2.062135925292968750e+02
-5.822069931030273438e+01,-2.816160888671875000e+02
-1.272950515747070312e+02,-6.377882003784179688e+01
-6.013211441040039062e+01,-1.416889038085937500e+02
-6.074137878417968750e+01,-1.191126480102539062e+02
3.059696350097656250e+02,-9.509631958007812500e+02
9.402568054199218750e+01,-6.991532592773437500e+02
-4.809503479003906250e+02,-1.770023803710937500e+02
-5.677016067504882812e+01,-2.793912658691406250e+02
1.478722534179687500e+02,-9.326926879882812500e+02
-3.858493041992187500e+02,-1.167012882232666016e+01
-3.001144790649414062e+01,-1.646624755859375000e+01
-3.376453018188476562e+01,-2.587621879577636719e+01
-5.881469726562500000e+01,-2.835251770019531250e+02
-6.026412582397460938e+01,-1.625356292724609375e+01
-5.702271270751953125e+01,-2.782628784179687500e+02
-1.613773040771484375e+02,-1.202325286865234375e+02
-1.641688995361328125e+02,-8.573635101318359375e+01
2.979383239746093750e+02,-9.384456176757812500e+02
-5.781180953979492188e+01,-2.787250671386718750e+02
-4.198755187988281250e+02,-7.372126007080078125e+01
-9.411779785156250000e+01,-6.419732666015625000e+01
-5.639004516601562500e+01,-2.794877319335937500e+02
5.363090133666992188e+01,-5.228503417968750000e+02
-5.744926834106445312e+01,-2.790942687988281250e+02
1.781537933349609375e+02,-5.813674926757812500e+02
-5.971656799316406250e+01,-2.816104125976562500e+02
-6.024025726318359375e+01,-2.782611999511718750e+02
-8.236187744140625000e+01,-3.877820205688476562e+01
-6.160883331298828125e+01,-2.801550598144531250e+02
1.825094757080078125e+02,-6.494866943359375000e+02
2.718188476562500000e+02,-7.255399780273437500e+02
1.707765045166015625e+02,-4.731364746093750000e+02
-1.789435729980468750e+02,-1.427662963867187500e+02
-1.020272979736328125e+02,-1.080969772338867188e+02
-5.921054458618164062e+01,-2.817977294921875000e+02
2.776831359863281250e+02,-7.359960327148437500e+02
1.989963073730468750e+02,-4.712174072265625000e+02
-1.135545349121093750e+02,-6.773371124267578125e+01
-1.139027404785156250e+02,-7.974284362792968750e+01
1.536087188720703125e+02,-1.003270507812500000e+03
-6.482545471191406250e+01,-6.375867080688476562e+01
-3.898250122070312500e+02,-3.870604705810546875e+01
6.547914886474609375e+01,-2.702976989746093750e+02
-7.918673706054687500e+02,1.521212482452392578e+01
4.727853088378906250e+02,-6.199905395507812500e+02
-1.069997329711914062e+02,-1.008786087036132812e+02
-1.018773422241210938e+02,-3.473228836059570312e+01
4.199990539550781250e+02,-1.099050292968750000e+03
-7.748056030273437500e+01,-4.375409698486328125e+01
3.335768432617187500e+02,-9.920941772460937500e+02
3.083808898925781250e+02,-4.967122650146484375e+01
-1.273954162597656250e+02,-7.005354309082031250e+01
-2.582164916992187500e+02,-1.132860870361328125e+02
-5.664102172851562500e+01,-2.829452514648437500e+02
-9.169055175781250000e+01,-6.759876251220703125e+01
-3.011672401428222656e+01,-2.147807121276855469e+01
1.360512084960937500e+02,-9.273734741210937500e+02
-6.158885192871093750e+01,-2.743417968750000000e+02
-6.263457107543945312e+01,-7.032660675048828125e+01
2.717440795898437500e+02,-7.223297119140625000e+02
-3.201953506469726562e+01,-1.969123458862304688e+01
1.219914474487304688e+02,-4.321904907226562500e+02
-5.729274368286132812e+01,-2.807119750976562500e+02
-5.830747222900390625e+01,-2.775535583496093750e+02
-1.620034484863281250e+02,-1.925292663574218750e+02
-9.582837677001953125e+01,-7.808898925781250000e+01
-9.851437377929687500e+01,-2.621331787109375000e+02
-5.733863067626953125e+01,-2.792466735839843750e+02
4.124610900878906250e+02,-5.870408325195312500e+02
4.791126098632812500e+02,-6.253502807617187500e+02
-5.864179992675781250e+01,-2.852403869628906250e+02
-1.197796325683593750e+02,-1.027046203613281250e+02
-1.492889556884765625e+02,-1.097001876831054688e+02
-5.311190414428710938e+01,-1.595302772521972656e+01
-5.659319305419921875e+01,-2.808138732910156250e+02
-7.091478824615478516e+00,-5.658898162841796875e+01
-7.732006072998046875e+01,-4.411471176147460938e+01
2.212844390869140625e+02,-5.960715332031250000e+02
-1.104599304199218750e+02,-7.405689239501953125e+01
-8.109015655517578125e+01,-6.984116363525390625e+01
-4.052547912597656250e+02,-2.362823867797851562e+01
-1.271464767456054688e+02,-1.050495834350585938e+02
1.020636749267578125e+02,-7.495692138671875000e+02
-9.483816528320312500e+01,-8.269197082519531250e+01
2.257476196289062500e+02,-6.213353271484375000e+02
3.221174316406250000e+02,-9.965688476562500000e+02
-5.885188674926757812e+01,-2.792811584472656250e+02
-1.902160797119140625e+02,-1.371325683593750000e+02
1.246153717041015625e+02,-8.233875122070312500e+02
-5.918066406250000000e+01,-2.750889587402343750e+02
-1.402620544433593750e+02,-9.535168457031250000e+01
-1.187433547973632812e+02,-8.039802551269531250e+01
-6.202308654785156250e+01,-2.759784240722656250e+02
-1.138509368896484375e+02,-1.062306671142578125e+02
-8.808317565917968750e+01,-1.236422729492187500e+02
-8.531420135498046875e+01,-1.255192260742187500e+02
-1.255098114013671875e+02,-9.260406494140625000e+01
-8.659841156005859375e+01,-4.005355453491210938e+01
-1.281604614257812500e+02,-6.910514068603515625e+01
-9.222876739501953125e+01,-8.662429809570312500e+01
-5.972803878784179688e+01,-2.782215881347656250e+02
-2.164533081054687500e+02,-3.823388290405273438e+01
-2.199837188720703125e+02,-8.261061096191406250e+01
9.641426086425781250e+01,-6.571067504882812500e+02
1.486296234130859375e+02,-1.145889160156250000e+03
-8.263505554199218750e+01,-3.822912979125976562e+01
-9.219333648681640625e+01,-2.797611999511718750e+01
-5.890711593627929688e+01,-2.755609741210937500e+02
-9.643801116943359375e+01,-5.796411132812500000e+01
-3.474956130981445312e+01,-1.628413009643554688e+01
-3.520550537109375000e+02,-8.788455200195312500e+01
-1.224392623901367188e+02,-2.732564086914062500e+02
-7.922634887695312500e+02,1.398771667480468750e+01
-8.362082672119140625e+01,-9.276399230957031250e+01
1.646638946533203125e+02,-1.139721679687500000e+03
-1.862784423828125000e+02,-9.235221099853515625e+01
2.044671440124511719e+01,-4.088029479980468750e+02
3.789226989746093750e+02,-7.565512084960937500e+01
-1.577054595947265625e+02,-1.264396972656250000e+02
-5.997170639038085938e+01,-2.819256591796875000e+02
-1.187500152587890625e+02,-1.026560134887695312e+02
3.295803833007812500e+02,-9.835434570312500000e+02
-5.780616760253906250e+01,-2.794628295898437500e+02
-1.394555053710937500e+02,-1.434331054687500000e+02
1.992607498168945312e+01,-3.035130615234375000e+02
-6.104526901245117188e+01,-2.748385620117187500e+02
3.305400695800781250e+02,-9.787226562500000000e+02
-5.462220001220703125e+01,-2.853741455078125000e+02
-1.211671752929687500e+02,-7.693371582031250000e+01
1.497627716064453125e+02,-1.146348022460937500e+03
